transaction_id,customer_id,transaction_date,transaction_amount,merchant_id,transaction_type,fraud_flag,customer_age,customer_location,merchant_category,fraud_detected,accuracy_rate,transaction_volume,false_positive_rate,fraud_loss_amount,,,
1,1102,31-12-2023 00:00,71.62,598,withdrawal,0,37,suburban,entertainment,1,0.92,54,0.01,25.06,,,
2,,05-01-2023 00:00,136.56,,purchase,0,76,,electronics,0,0.83,183,0.03,23.32,,,
,1860,29-04-2023 00:00,133.91,837,transfer,0,88,rural,electronics,1,0.95,351,0.1,204.23,,309,TRANSFER
4,1270,16-10-2023 00:00,,603,transfer,0,26,urban,,1,0.86,403,0.12,85.19,,293,PURCHASE
5,1106,06-03-2023 00:00,164.93,713,transfer,0,18,urban,groceries,1,0.98,318,0.03,131.87,,298,WITHDRAWAL
6,1071,26-05-2023 00:00,105.38,748,withdrawal,0,46,,electronics,1,0.96,355,0.08,452.63,,,
7,1700,12-08-2023 00:00,141.7,651,withdrawal,,80,,electronics,0,0.87,349,0.18,318.99,,,
8,1020,27-08-2023 00:00,752.6,749,purchase,0,,urban,clothing,,0.96,443,0.2,1064.3,,,
9,1614,26-06-2023 00:00,63.83,774,withdrawal,0,73,,clothing,1,0.87,321,0.2,-36.61,,,
10,1121,24-09-2023 00:00,136.56,664,withdrawal,1,,suburban,electronics,0,0.82,68,0.18,98.01,,,
11,1466,,121.54,986,purchase,0,52,rural,entertainment,1,0.99,28,0.08,144.28,,,
12,1214,09-10-2023 00:00,112.17,840,,0,20,,groceries,1,,274,0.14,167.87,,,
13,1330,,82.82,507,transfer,0,24,rural,electronics,1,0.89,282,0.08,72.1,,,
14,1458,,177.46,783,,0,,suburban,entertainment,0,0.88,360,0.13,312.99,,,
15,1087,08-12-2023 00:00,44.17,504,transfer,0,18,suburban,electronics,0,0.86,403,0.06,128.85,,,
16,1372,11-11-2023 00:00,41.43,644,withdrawal,0,88,suburban,groceries,1,1,311,0.12,264.86,,,
17,1099,10-10-2023 00:00,147.11,600,purchase,0,61,urban,groceries,1,,119,0.1,205.39,,,
18,1871,26-06-2023 00:00,143,663,purchase,0,58,urban,clothing,0,0.86,380,0,293.85,,,
,1663,08-04-2023 00:00,117.69,873,purchase,0,59,suburban,clothing,0,0.9,441,0.16,176.21,,,
20,,15-04-2023 00:00,85.6,646,transfer,0,,,,0,,,0,,,,
21,1661,09-04-2023 00:00,125.12,,purchase,0,67,rural,,1,0.89,129,0.06,140.14,,,
22,1308,07-11-2023 00:00,,,purchase,0,80,suburban,groceries,1,0.84,8,0,141.55,,,
23,1769,06-01-2023 00:00,225.78,616,purchase,0,54,rural,,0,0.83,481,0.08,406.46,,,
24,1343,16-07-2023 00:00,17.18,853,transfer,0,76,suburban,entertainment,1,0.85,51,0.01,207.65,,,
,1491,17-12-2023 00:00,79.05,766,withdrawal,,65,rural,entertainment,1,0.98,491,0.18,,,,
26,1413,13-05-2023 00:00,75.91,,,0,22,,electronics,1,,341,0.08,288.2,,,
,1805,24-12-2023 00:00,181.33,,withdrawal,0,65,rural,clothing,1,0.95,472,0.09,199.99,,,
28,1385,16-09-2023 00:00,-24.06,546,transfer,0,20,urban,,1,0.95,281,,312.17,,,
29,1191,23-01-2023 00:00,125.69,639,,0,64,suburban,groceries,1,0.96,,0.13,162.79,,,
30,1955,22-02-2023 00:00,87.16,745,transfer,0,79,suburban,groceries,1,0.98,183,0.16,152.64,,,
31,1276,14-06-2023 00:00,181.91,648,transfer,0,31,rural,electronics,0,0.85,,0.13,101.97,,,
32,1160,21-07-2023 00:00,175.05,,withdrawal,,80,suburban,,0,0.84,249,0.15,385,,,
,1459,24-03-2023 00:00,118.28,894,purchase,0,78,,entertainment,0,0.89,235,0.18,193.02,,,
34,,25-05-2023 00:00,21.01,986,transfer,0,48,suburban,groceries,0,0.85,83,0.17,82.6,,,
35,1021,,71.31,,transfer,0,34,urban,clothing,0,0.95,93,0.13,219.68,,,
36,1252,19-03-2023 00:00,76.78,504,,0,41,urban,entertainment,0,0.93,373,0.04,134.99,,,
37,1747,01-01-2023 00:00,,964,withdrawal,0,40,rural,clothing,0,0.97,394,0.13,,,,
38,1856,20-02-2023 00:00,157.73,683,,0,67,urban,entertainment,0,0.82,312,0.1,,,,
39,1560,22-06-2023 00:00,27.33,519,,0,87,rural,clothing,0,0.98,268,0.14,352.1,,,
40,1474,24-07-2023 00:00,198.27,924,purchase,,44,urban,electronics,1,0.86,417,0.17,210.16,,,
41,1058,17-09-2023 00:00,198.14,545,transfer,0,32,rural,entertainment,,0.9,120,0.15,128.9,,,
42,1510,15-10-2023 00:00,80.75,511,withdrawal,0,67,urban,clothing,0,0.89,71,0.17,149.51,,,
43,1681,03-02-2023 00:00,,569,transfer,0,53,urban,clothing,1,0.95,17,0.01,265.64,,,
44,,14-12-2023 00:00,96.39,,transfer,0,,rural,groceries,1,0.88,253,0.01,4.17,,,
45,1699,05-04-2023 00:00,145.09,870,,0,20,suburban,entertainment,0,0.99,445,0.05,95.73,,,
46,1975,13-03-2023 00:00,163.73,646,transfer,0,79,suburban,clothing,0,0.98,122,0.18,221.26,,,
47,1782,08-02-2023 00:00,112.9,653,,0,64,urban,groceries,0,0.97,380,0.16,,,,
48,1189,03-06-2023 00:00,123.46,803,transfer,0,78,rural,clothing,1,0.81,10,,168.75,,,
49,1957,07-09-2023 00:00,68.97,607,withdrawal,0,49,suburban,entertainment,1,0.97,287,0.14,152.17,,,
50,1686,11-06-2023 00:00,121.84,735,purchase,0,30,rural,electronics,0,0.96,316,0.15,,,,
51,1957,28-04-2023 00:00,108.14,,purchase,0,18,suburban,entertainment,1,0.82,326,0.19,174.97,,,
52,1562,16-09-2023 00:00,54.41,851,withdrawal,0,51,rural,entertainment,1,0.82,273,0.17,318.67,,,
53,1875,02-11-2023 00:00,,569,purchase,0,79,urban,clothing,1,,306,0.12,207.89,,,
54,1566,25-09-2023 00:00,808.4,682,transfer,0,88,rural,clothing,0,0.8,293,0.13,3776.5,,,
55,1243,23-02-2023 00:00,69.53,749,purchase,0,48,suburban,entertainment,1,0.91,210,0.04,61.25,,,
56,1831,24-08-2023 00:00,42.68,727,transfer,0,,urban,groceries,1,0.99,446,0.13,361.71,,,
57,,10-08-2023 00:00,103.13,601,,1,42,rural,groceries,1,0.89,,0.08,158.89,,,
58,1130,08-09-2023 00:00,60.98,574,,0,55,suburban,groceries,,0.91,241,0.03,347.39,,,
59,1484,09-11-2023 00:00,76.44,916,purchase,0,31,urban,clothing,1,0.99,374,0.16,318.52,,,
60,1818,22-04-2023 00:00,153.76,945,purchase,,25,rural,clothing,1,0.85,464,0.1,-85.19,,,
,1646,12-09-2023 00:00,,715,purchase,0,71,suburban,entertainment,1,0.97,200,,247.92,,,
62,1020,30-10-2023 00:00,51.06,906,withdrawal,0,19,rural,electronics,0,0.91,216,0.06,299.76,,,
63,1840,26-07-2023 00:00,117.59,898,purchase,0,,rural,clothing,0,0.91,205,0.1,332.86,,,
64,1166,17-08-2023 00:00,106.64,910,withdrawal,0,78,,,1,,413,0.09,82.34,,,
65,1273,07-12-2023 00:00,185.08,702,transfer,0,39,urban,,0,,416,0.02,259.03,,,
66,1387,07-03-2023 00:00,169.16,691,purchase,0,52,suburban,electronics,1,0.81,216,0.09,219.51,,,
67,1600,16-03-2023 00:00,23.31,748,withdrawal,0,33,urban,groceries,1,0.95,80,0.06,243.14,,,
68,1315,13-04-2023 00:00,143.06,998,withdrawal,0,67,suburban,entertainment,1,0.86,267,,299.89,,,
69,1013,11-07-2023 00:00,,741,purchase,0,60,rural,entertainment,0,0.98,480,,315.67,,,
70,1241,09-09-2023 00:00,127.97,964,,1,34,rural,entertainment,1,0.87,,0.05,,,,
71,1776,14-08-2023 00:00,83.23,678,withdrawal,0,75,suburban,groceries,1,,,0.15,226.54,,,
,1345,21-10-2023 00:00,220.67,,purchase,0,19,,groceries,0,0.94,35,0.01,204.11,,,
73,1564,02-11-2023 00:00,132.57,961,transfer,0,21,urban,electronics,0,0.83,289,0.12,176.06,,,
74,1897,08-04-2023 00:00,198.83,718,withdrawal,0,56,rural,clothing,,0.95,18,0.15,185.62,,,
75,1339,04-12-2023 00:00,167.57,581,withdrawal,1,23,urban,groceries,0,0.99,165,0.1,219.6,,,
76,,13-10-2023 00:00,123.21,591,transfer,0,,suburban,clothing,0,0.96,13,0.19,139.8,,,
77,1366,01-12-2023 00:00,71.01,934,transfer,0,86,suburban,clothing,1,0.8,202,0.14,288.3,,,
78,1955,13-12-2023 00:00,98.79,674,purchase,,37,rural,groceries,1,0.92,229,0.15,326.93,,,
79,1454,,88.9,738,,0,81,,entertainment,1,0.94,346,0.04,117.94,,,
80,,06-09-2023 00:00,39.27,759,withdrawal,0,33,urban,electronics,0,0.97,366,0.16,331.83,,,
81,1508,15-06-2023 00:00,132.51,890,transfer,0,,urban,clothing,0,0.81,465,0.17,118.13,,,
82,1775,01-12-2023 00:00,178.37,864,transfer,,54,rural,entertainment,0,0.9,448,0.07,289.78,,,
83,1942,30-01-2023 00:00,85.08,662,transfer,0,86,rural,groceries,1,0.91,1,0.04,331.65,,,
84,1034,04-09-2023 00:00,208.18,547,withdrawal,0,59,suburban,clothing,0,0.83,319,0.08,190.55,,,
85,1205,16-04-2023 00:00,22.12,828,transfer,0,74,suburban,clothing,0,,217,0.15,118.95,,,
86,1080,20-02-2023 00:00,152.72,827,transfer,0,83,,,1,0.89,34,0.08,141.13,,,
87,1931,22-03-2023 00:00,183.58,615,withdrawal,0,26,rural,entertainment,1,0.97,359,0.15,236.19,,,
88,1561,13-05-2023 00:00,89.8,928,,0,81,rural,entertainment,1,0.99,,0.02,396.47,,,
89,1871,12-10-2023 00:00,90.7,836,purchase,0,39,rural,entertainment,0,0.93,128,0.16,30.73,,,
90,1387,18-05-2023 00:00,152.14,836,,,51,,clothing,1,0.88,,0.05,210.02,,,
91,,03-07-2023 00:00,125.3,868,transfer,0,,,clothing,0,0.85,263,0.05,191.19,,,
92,1389,26-11-2023 00:00,0.13,724,withdrawal,1,46,urban,electronics,0,1,312,0.12,154.35,,,
93,1565,,57.83,,purchase,0,55,rural,electronics,1,1,80,0.01,191.92,,,
,,,,827,purchase,0,35,rural,entertainment,1,0.98,165,0.01,145.78,,,
95,1771,10-03-2023 00:00,31.52,646,withdrawal,0,88,rural,entertainment,1,0.96,,0.05,324.32,,,
96,1821,03-02-2023 00:00,76.29,562,withdrawal,0,82,rural,groceries,1,0.87,252,0.11,334.25,,,
97,1476,19-09-2023 00:00,32.77,793,purchase,0,18,rural,entertainment,1,0.96,12,0.18,208.81,,,
98,1702,22-02-2023 00:00,81.49,822,withdrawal,0,21,urban,electronics,0,0.88,401,0.17,185.89,,,
99,1401,,83.17,942,purchase,0,,,electronics,0,0.87,304,,150.7,,,
100,1729,06-05-2023 00:00,117.59,824,withdrawal,0,44,rural,electronics,0,,212,0.01,209.03,,,
101,,23-08-2023 00:00,,512,withdrawal,0,60,suburban,,1,0.82,282,0.11,384.78,,,
102,,12-02-2023 00:00,125.14,930,withdrawal,0,76,rural,clothing,0,0.81,112,0.14,189.63,,,
103,1201,,119.18,993,purchase,0,49,rural,entertainment,1,0.89,211,0.07,116.06,,,
104,1957,21-04-2023 00:00,,688,withdrawal,0,50,rural,groceries,1,0.89,378,0.02,160.22,,,
105,1995,06-09-2023 00:00,143.69,,purchase,0,45,suburban,,0,0.98,,0.06,275.35,,,
106,1269,31-05-2023 00:00,138.41,707,,0,72,suburban,groceries,0,0.83,268,0.15,128.23,,,
107,1862,02-07-2023 00:00,255.24,613,withdrawal,0,77,suburban,clothing,1,0.82,405,0.07,196.63,,,
,1815,02-12-2023 00:00,117.37,979,withdrawal,0,87,urban,electronics,0,0.83,,0.16,247.29,,,
109,,05-04-2023 00:00,229.68,,purchase,,,suburban,electronics,1,0.81,317,,135.81,,,
110,1455,08-01-2023 00:00,120.61,,purchase,0,51,,clothing,0,0.81,58,0.03,23.56,,,
111,1461,26-12-2023 00:00,95.86,713,transfer,0,73,urban,groceries,0,0.93,438,0.09,92.86,,,
112,1726,03-07-2023 00:00,81.34,670,purchase,0,30,suburban,groceries,0,0.89,34,0.09,114.12,,,
113,1251,08-10-2023 00:00,175.49,822,,0,73,suburban,entertainment,0,0.95,263,0,177.12,,,
114,1701,14-07-2023 00:00,182.03,553,transfer,0,35,suburban,entertainment,0,1,365,0.02,204.43,,,
,1295,18-12-2023 00:00,129.99,893,transfer,0,71,urban,groceries,1,0.93,,0.04,282.37,,,
116,1724,14-07-2023 00:00,,797,withdrawal,0,60,rural,clothing,0,0.81,271,0.02,,,,
117,1719,04-06-2023 00:00,36.14,,withdrawal,0,56,suburban,groceries,0,0.82,449,0.07,267.83,,,
118,1748,03-04-2023 00:00,22.56,625,purchase,0,78,suburban,entertainment,0,,474,0.19,162.91,,,
119,1337,09-06-2023 00:00,162.32,776,transfer,0,59,suburban,groceries,1,0.91,227,0.1,21.45,,,
120,1878,02-03-2023 00:00,93.66,963,withdrawal,0,35,urban,clothing,1,,25,0.13,201.36,,,
121,1052,02-05-2023 00:00,137.47,703,withdrawal,0,40,urban,electronics,1,,234,,331.63,,,
122,1791,20-02-2023 00:00,64.14,693,withdrawal,0,71,rural,clothing,1,0.99,59,,288.31,,,
,1921,04-10-2023 00:00,182.85,668,withdrawal,0,47,,clothing,1,0.99,251,0,192.37,,,
124,,05-01-2023 00:00,22.98,651,withdrawal,0,75,urban,entertainment,0,0.91,335,0.1,312.58,,,
125,1763,,30.72,534,transfer,0,85,rural,,0,0.87,86,,219.22,,,
,1187,19-06-2023 00:00,172.22,683,transfer,,84,suburban,clothing,0,0.99,251,0.03,298.12,,,
,1379,13-11-2023 00:00,,785,transfer,0,88,urban,entertainment,,0.91,390,,33.84,,,
128,1492,22-01-2023 00:00,118.93,556,transfer,,35,suburban,entertainment,1,0.81,180,0.1,75.03,,,
129,1040,22-11-2023 00:00,94.63,,purchase,0,24,suburban,electronics,0,0.93,207,0.07,272.9,,,
130,1156,01-01-2023 00:00,63.2,802,transfer,0,57,urban,groceries,1,0.92,344,0.03,353.93,,,
131,1014,13-05-2023 00:00,90,662,withdrawal,0,87,urban,clothing,1,0.98,149,0.11,,,,
132,1812,,57.62,518,transfer,0,82,,entertainment,1,0.93,71,0.15,150.27,,,
133,1064,12-01-2023 00:00,177.11,869,purchase,0,85,suburban,electronics,0,0.87,121,,114.95,,,
134,1856,12-12-2023 00:00,190.22,763,withdrawal,0,66,suburban,groceries,,0.99,253,0.04,168.47,,,
135,1838,15-02-2023 00:00,65.71,781,transfer,,,rural,entertainment,1,0.96,93,0.1,321.36,,,
136,1520,03-02-2023 00:00,113.78,612,transfer,0,46,suburban,groceries,1,0.93,256,0.03,165.75,,,
137,1343,19-03-2023 00:00,33.75,987,transfer,0,,urban,groceries,1,0.86,254,0.13,304.78,,,
138,1128,06-08-2023 00:00,153.65,826,withdrawal,0,26,suburban,clothing,,0.87,352,,265.26,,,
,1647,28-10-2023 00:00,152.35,529,withdrawal,0,64,rural,,0,0.93,288,0.02,371.39,,,
140,1471,,85.24,634,purchase,0,59,rural,entertainment,1,0.81,309,0.01,,,,
,1062,,100.84,566,withdrawal,0,68,urban,groceries,0,0.85,,0.12,195.04,,,
142,1138,06-09-2023 00:00,95.31,564,withdrawal,0,73,,,0,0.94,69,0.06,309.77,,,
143,,16-02-2023 00:00,19.08,791,transfer,0,68,rural,entertainment,0,0.9,446,0.02,106.47,,,
144,,,177.3,524,withdrawal,0,87,rural,groceries,,,388,0.15,155.6,,,
145,1391,02-08-2023 00:00,61.65,536,transfer,0,37,rural,entertainment,0,0.83,86,0.06,32,,,
146,,27-08-2023 00:00,61.99,500,transfer,0,44,urban,groceries,0,0.89,274,0.09,74.57,,,
147,1418,25-02-2023 00:00,92.48,898,,0,55,rural,groceries,1,0.95,227,0.05,392.34,,,
148,1288,16-12-2023 00:00,149.78,,,0,89,rural,groceries,1,,,0.13,269.23,,,
149,1378,17-04-2023 00:00,70.43,640,purchase,0,82,urban,groceries,1,0.8,498,0.06,62.93,,,
150,1772,15-11-2023 00:00,2.39,731,withdrawal,,71,suburban,electronics,0,0.93,,0.19,319.48,,,
151,1489,17-02-2023 00:00,,635,purchase,0,41,suburban,,1,0.99,184,0.14,129.63,,,
152,1230,,121.21,888,transfer,0,64,rural,clothing,0,0.92,280,,264.1,,,
153,1040,03-12-2023 00:00,209.49,687,transfer,0,88,suburban,clothing,,,322,0.08,262.6,,,
154,1027,,37,627,withdrawal,,80,suburban,clothing,1,0.86,397,0.08,366.5,,,
155,1134,19-10-2023 00:00,,700,purchase,0,74,suburban,,0,0.97,318,0.11,146.23,,,
156,1200,14-09-2023 00:00,24.37,,purchase,0,72,suburban,clothing,0,0.85,54,0.17,125.98,,,
157,1839,08-01-2023 00:00,18.16,,transfer,0,77,rural,,,0.92,399,0.12,-68.9,,,
158,1779,23-04-2023 00:00,160.28,,withdrawal,0,79,suburban,entertainment,0,0.88,197,,,,,
159,1929,21-12-2023 00:00,,,,0,47,suburban,groceries,1,0.84,387,0.13,272.53,,,
160,1032,10-09-2023 00:00,108.89,693,withdrawal,0,39,urban,clothing,0,0.96,293,0,286.2,,,
161,1047,29-06-2023 00:00,76.61,690,purchase,0,46,rural,electronics,1,0.95,293,0.16,325.24,,,
,1502,26-07-2023 00:00,189.56,603,transfer,0,58,urban,entertainment,0,,485,0.13,228.98,,,
163,1406,30-10-2023 00:00,108.7,522,transfer,,59,urban,electronics,0,,387,,,,,
,1573,07-05-2023 00:00,154.47,764,withdrawal,1,,,clothing,1,0.82,447,0.06,206.81,,,
165,1727,25-02-2023 00:00,74.18,789,transfer,,48,suburban,electronics,0,0.92,291,,270.75,,,
166,1804,02-08-2023 00:00,102.21,929,purchase,1,47,urban,entertainment,0,0.91,180,,106.58,,,
167,1098,14-01-2023 00:00,,961,transfer,,35,,clothing,0,0.84,471,0.07,59.15,,,
168,1683,28-01-2023 00:00,131.46,883,withdrawal,0,34,suburban,entertainment,0,0.81,380,0.06,117.13,,,
169,1871,19-03-2023 00:00,109.55,,withdrawal,0,55,rural,electronics,0,0.82,412,0.11,221.36,,,
170,1725,04-08-2023 00:00,55.27,913,withdrawal,0,31,urban,groceries,0,1,222,0,69.96,,,
171,1986,31-12-2023 00:00,55.94,978,purchase,0,73,suburban,groceries,1,0.96,274,0.02,136.68,,,
172,1546,03-06-2023 00:00,180.8,857,purchase,0,39,suburban,groceries,1,,,0.03,139.87,,,
,1960,14-01-2023 00:00,198.58,574,purchase,0,84,rural,groceries,1,0.84,244,0.04,278.18,,,
174,1738,06-07-2023 00:00,89.34,,purchase,0,73,suburban,entertainment,0,0.99,420,0.1,266.01,,,
175,1612,08-11-2023 00:00,103.39,,purchase,0,,urban,groceries,,0.83,417,0.2,207.05,,,
176,1942,,120.01,758,transfer,0,74,urban,entertainment,0,0.9,448,0.13,245.11,,,
177,1461,03-01-2023 00:00,107.4,897,purchase,,61,urban,clothing,1,,154,0.01,247.08,,,
178,1642,21-04-2023 00:00,,687,purchase,0,,,groceries,0,0.87,304,0.11,163.64,,,
179,1768,26-08-2023 00:00,121.39,960,,0,18,,entertainment,1,0.88,424,0.1,145.75,,,
180,1004,29-12-2023 00:00,-4.39,672,purchase,0,69,suburban,groceries,0,0.83,273,,353.67,,,
,1217,27-08-2023 00:00,,979,withdrawal,0,87,suburban,groceries,0,0.82,424,0.18,,,,
182,1502,01-10-2023 00:00,125.27,789,purchase,0,54,urban,groceries,0,0.92,,0.09,125.87,,,
183,1766,21-10-2023 00:00,,544,,0,82,suburban,,,0.94,313,0.2,179.62,,,
184,1397,15-08-2023 00:00,59.5,560,withdrawal,0,68,urban,,0,0.96,8,0.08,,,,
,1870,15-01-2023 00:00,77.08,582,withdrawal,0,18,suburban,groceries,,,,,313.55,,,
186,1794,11-07-2023 00:00,70.31,622,withdrawal,0,38,urban,groceries,0,0.93,373,0.02,385.67,,,
187,1392,29-04-2023 00:00,94.86,857,withdrawal,0,70,suburban,clothing,0,0.8,56,0.09,190.83,,,
188,1206,,98.66,515,purchase,0,33,rural,electronics,1,0.83,,,197.53,,,
189,1014,21-07-2023 00:00,133.42,565,withdrawal,0,78,rural,entertainment,0,1,159,0.17,236.26,,,
190,1857,08-02-2023 00:00,74.16,923,withdrawal,0,71,urban,clothing,0,0.82,59,0.16,,,,
191,1553,,118.67,,transfer,0,57,urban,groceries,0,0.94,58,0.16,81.58,,,
192,1891,19-08-2023 00:00,125.35,874,withdrawal,,43,suburban,clothing,,0.84,140,0.14,190.37,,,
193,1460,27-03-2023 00:00,109.91,661,withdrawal,0,82,suburban,clothing,1,0.94,,0.17,274.54,,,
194,1690,,87.02,733,transfer,0,81,,groceries,1,0.94,415,0.04,175.71,,,
195,1574,27-10-2023 00:00,109.03,879,transfer,0,,suburban,electronics,0,0.85,108,0.09,241.34,,,
196,1863,25-01-2023 00:00,137.59,643,purchase,,34,urban,electronics,0,0.85,211,0.14,13.12,,,
197,1742,25-05-2023 00:00,141.96,857,transfer,,,urban,clothing,1,,447,0.13,201.84,,,
198,1240,13-01-2023 00:00,190.77,,purchase,0,40,urban,groceries,0,0.88,74,0.14,159.66,,,
199,1563,31-07-2023 00:00,50.5,821,transfer,0,24,urban,entertainment,1,,167,0.04,72.49,,,
200,,25-01-2023 00:00,78,949,transfer,0,61,urban,clothing,0,0.95,460,0.02,265.72,,,
201,1899,09-03-2023 00:00,19.33,973,purchase,0,70,rural,entertainment,1,0.83,404,0.18,384.56,,,
202,1733,08-03-2023 00:00,146.55,512,transfer,0,88,rural,clothing,1,0.97,357,,299,,,
203,1484,21-08-2023 00:00,83.27,683,,0,51,urban,clothing,1,0.9,304,0.03,305.37,,,
204,1406,19-04-2023 00:00,110.31,610,transfer,,63,suburban,groceries,1,0.82,233,0.16,271.25,,,
205,1230,26-05-2023 00:00,69.78,914,withdrawal,0,85,urban,groceries,0,0.94,327,,264.65,,,
206,1748,21-04-2023 00:00,83.66,789,transfer,0,33,rural,entertainment,0,0.9,372,0.03,20.06,,,
207,1654,16-08-2023 00:00,161.16,794,purchase,1,88,urban,entertainment,1,0.86,182,0.16,187.2,,,
208,1170,21-04-2023 00:00,134.71,950,transfer,0,36,rural,electronics,1,0.88,122,0.19,250.87,,,
209,1540,03-02-2023 00:00,,891,purchase,0,19,rural,groceries,,0.86,334,0.19,253.14,,,
210,1035,21-04-2023 00:00,138.39,714,purchase,0,27,urban,clothing,1,0.85,203,0.18,327.17,,,
211,,21-09-2023 00:00,139.5,961,withdrawal,0,67,urban,clothing,0,0.83,455,0.11,96.76,,,
212,1159,24-08-2023 00:00,80.43,619,withdrawal,0,29,suburban,electronics,1,0.87,29,0.07,260.73,,,
213,1838,24-03-2023 00:00,26.55,881,purchase,0,87,,groceries,1,0.85,202,0,93.5,,,
214,1698,11-02-2023 00:00,55.04,554,transfer,0,39,suburban,clothing,1,0.94,93,0.01,178.83,,,
215,1242,11-04-2023 00:00,32.97,526,purchase,0,49,urban,electronics,1,0.94,329,0.09,193.8,,,
216,1085,06-01-2023 00:00,,617,purchase,0,18,rural,electronics,1,0.9,356,0.08,286.26,,,
217,1795,29-06-2023 00:00,166.91,720,transfer,0,71,suburban,clothing,1,0.96,176,0.04,274.5,,,
218,1577,09-10-2023 00:00,179.32,730,,,75,suburban,clothing,1,,330,,,,,
219,1681,16-11-2023 00:00,-0.98,,transfer,0,87,suburban,entertainment,0,0.92,211,0.03,-15.2,,,
220,1556,14-08-2023 00:00,153.57,794,transfer,0,35,urban,groceries,1,0.92,184,0.17,244.48,,,
221,,11-11-2023 00:00,210.61,820,,0,23,urban,entertainment,1,0.86,95,0.06,173.23,,,
222,1952,31-12-2023 00:00,155.6,900,purchase,0,62,urban,electronics,1,,273,0.12,339.18,,,
223,1645,17-08-2023 00:00,-7.56,732,withdrawal,0,40,,clothing,0,0.8,137,0.1,315.35,,,
224,1795,16-10-2023 00:00,,,purchase,0,40,urban,entertainment,0,,237,,106.2,,,
225,1027,30-05-2023 00:00,102.08,,transfer,0,43,rural,electronics,0,0.94,353,0.19,258.22,,,
226,1619,04-10-2023 00:00,88.38,768,withdrawal,0,24,suburban,groceries,1,0.82,,0.11,,,,
227,1555,17-07-2023 00:00,,520,transfer,0,61,suburban,clothing,1,0.84,429,0.07,252.92,,,
228,1339,11-03-2023 00:00,47.55,902,purchase,0,44,urban,entertainment,1,0.92,472,0.03,239.96,,,
229,1797,22-04-2023 00:00,100.14,552,withdrawal,0,,suburban,groceries,0,0.91,265,0.07,263.02,,,
230,,04-01-2023 00:00,181.02,774,transfer,0,53,urban,entertainment,1,0.95,135,0,350.15,,,
231,1330,16-12-2023 00:00,131.12,812,withdrawal,0,72,rural,electronics,,0.96,,0.07,144.86,,,
232,,27-11-2023 00:00,102.92,780,withdrawal,0,,suburban,groceries,0,0.83,19,0.11,109.42,,,
233,1505,14-11-2023 00:00,104.48,713,purchase,0,74,urban,entertainment,0,,,0.17,278.27,,,
234,1347,16-12-2023 00:00,409.3,530,transfer,0,86,suburban,groceries,,0.94,134,0.14,116.6,,,
235,1472,05-04-2023 00:00,92.5,836,withdrawal,0,78,suburban,electronics,0,,114,0.02,265.4,,,
236,1230,01-06-2023 00:00,18.29,682,withdrawal,0,19,urban,groceries,,0.93,,0.03,247.69,,,
237,,07-11-2023 00:00,151.12,522,transfer,0,72,suburban,,1,0.83,139,0.09,-34.55,,,
,1224,17-05-2023 00:00,-9.29,531,withdrawal,0,55,suburban,electronics,0,0.89,125,0.04,,,,
239,1384,04-09-2023 00:00,142.75,945,withdrawal,0,46,suburban,clothing,1,0.9,204,0.01,357.6,,,
240,1376,31-08-2023 00:00,,573,withdrawal,0,43,suburban,entertainment,1,0.92,61,0.16,54.28,,,
241,1282,31-01-2023 00:00,165.94,509,transfer,0,,rural,entertainment,0,0.9,250,0,221.26,,,
242,1957,09-02-2023 00:00,104.34,983,transfer,0,84,suburban,electronics,0,0.9,298,0.17,99.51,,,
243,1632,17-08-2023 00:00,145.83,955,transfer,1,,suburban,electronics,1,0.87,13,0.03,,,,
244,1627,05-02-2023 00:00,92.01,553,transfer,0,51,urban,clothing,1,0.81,396,0.19,391.63,,,
245,1972,11-08-2023 00:00,40.67,551,purchase,,58,,entertainment,1,0.82,,0.12,212.34,,,
246,1744,06-01-2023 00:00,176.54,647,withdrawal,0,58,urban,,1,0.89,85,0.15,,,,
247,,18-11-2023 00:00,95.16,659,transfer,0,40,urban,clothing,0,0.87,458,0.02,188.75,,,
248,1358,,29.52,869,withdrawal,0,88,urban,clothing,1,0.9,20,0.17,48.49,,,
249,1709,16-03-2023 00:00,76.66,513,withdrawal,0,20,rural,electronics,0,,50,0.17,81.51,,,
250,1455,04-01-2023 00:00,78.63,,purchase,0,75,urban,entertainment,0,0.94,164,0.13,317.84,,,
251,1410,01-12-2023 00:00,123.08,911,transfer,0,49,urban,,,0.97,92,0.1,215.29,,,
252,1648,14-05-2023 00:00,,865,transfer,0,48,urban,groceries,1,0.86,88,0.14,122.97,,,
253,1317,,126.12,999,withdrawal,,60,,clothing,1,0.84,69,0,197.79,,,
254,1676,04-04-2023 00:00,110.34,552,transfer,0,24,urban,groceries,0,0.82,37,0.12,266.16,,,
255,1224,03-03-2023 00:00,222.79,907,withdrawal,0,18,rural,groceries,0,0.92,253,,245.45,,,
256,1818,13-07-2023 00:00,148.94,834,withdrawal,0,78,rural,,0,0.89,252,0.07,123.02,,,
,1233,01-12-2023 00:00,112.71,521,,0,31,,clothing,0,0.84,140,0.02,42.47,,,
258,1683,22-07-2023 00:00,76.03,529,purchase,0,69,rural,entertainment,,0.93,,0.08,159.3,,,
259,1663,26-01-2023 00:00,,690,,0,23,rural,clothing,,0.83,381,,,,,
260,1974,22-06-2023 00:00,96.68,759,withdrawal,0,,suburban,electronics,0,0.91,168,0.02,285.44,,,
261,1826,27-10-2023 00:00,104.57,704,transfer,0,88,urban,groceries,1,0.91,54,0.04,241.04,,,
262,1373,13-05-2023 00:00,165.72,558,purchase,0,47,suburban,entertainment,0,0.95,386,0.03,182.91,,,
263,1671,22-11-2023 00:00,,970,transfer,0,38,,clothing,0,0.81,178,0.16,148.33,,,
264,1607,,125.68,763,purchase,0,77,urban,,1,0.98,297,0.01,184.77,,,
265,1471,20-11-2023 00:00,147.45,965,purchase,0,80,,clothing,0,0.94,301,0.14,,,,
266,1232,,66.89,511,withdrawal,0,59,suburban,entertainment,,0.84,359,0.07,301.02,,,
267,1691,31-07-2023 00:00,,618,purchase,0,68,rural,clothing,0,0.84,106,0.15,173.82,,,
268,1112,13-08-2023 00:00,92.48,914,purchase,0,81,rural,,,0.89,137,0.19,453.62,,,
269,1829,20-01-2023 00:00,76.92,961,withdrawal,0,73,urban,clothing,1,0.96,190,0.02,209.24,,,
270,1496,23-04-2023 00:00,,789,transfer,0,58,rural,groceries,0,0.97,,0.06,165.3,,,
271,,20-05-2023 00:00,49.91,837,purchase,0,49,suburban,entertainment,1,0.9,,0.16,347.57,,,
272,,16-02-2023 00:00,103.42,747,withdrawal,0,32,rural,entertainment,0,,47,0.05,-3.83,,,
273,1267,01-01-2023 00:00,,853,purchase,0,79,rural,groceries,1,0.8,5,0.04,248,,,
274,1509,31-03-2023 00:00,120.65,626,withdrawal,1,44,urban,groceries,1,0.81,,0.17,192.72,,,
275,1806,22-05-2023 00:00,128.96,,transfer,1,,suburban,groceries,1,0.98,257,0.2,344.82,,,
276,1385,16-11-2023 00:00,158.03,860,transfer,0,81,rural,electronics,0,0.96,,0.11,260.49,,,
277,1386,07-02-2023 00:00,76.85,703,withdrawal,0,76,urban,clothing,,0.89,150,0.06,213.91,,,
278,1112,20-10-2023 00:00,,548,withdrawal,0,75,,clothing,,0.95,294,0.08,266.26,,,
,1612,19-05-2023 00:00,108.83,578,withdrawal,0,19,suburban,entertainment,1,0.99,243,0.03,94.44,,,
280,1624,22-12-2023 00:00,113.27,940,transfer,0,,rural,clothing,0,0.95,,0.15,296.68,,,
281,,29-11-2023 00:00,,,purchase,0,,,electronics,0,0.97,208,0.15,65.54,,,
,1080,16-09-2023 00:00,118.75,740,transfer,0,30,urban,groceries,0,0.95,415,,235.85,,,
283,1698,10-06-2023 00:00,153.49,848,withdrawal,,32,rural,entertainment,0,0.83,115,0.01,203.56,,,
,1112,27-06-2023 00:00,,653,withdrawal,0,77,urban,entertainment,1,0.97,195,0.11,23.69,,,
285,1001,10-01-2023 00:00,121.78,,transfer,1,39,suburban,clothing,1,0.84,343,0.04,,,,
286,1641,18-09-2023 00:00,,595,withdrawal,0,80,rural,,0,0.98,170,0.07,228.2,,,
287,1219,18-05-2023 00:00,129.33,713,,0,42,,groceries,0,0.89,379,0.16,134.51,,,
288,1565,21-06-2023 00:00,134.05,793,,0,65,,entertainment,0,0.94,82,,98.76,,,
289,1854,13-01-2023 00:00,,708,purchase,0,60,rural,groceries,,0.9,154,0.13,249.22,,,
290,1996,17-06-2023 00:00,43.62,842,purchase,0,55,urban,electronics,0,0.82,141,,,,,
291,1735,,77.64,587,withdrawal,0,58,suburban,electronics,1,0.86,314,0.19,222.68,,,
292,1224,25-03-2023 00:00,70.7,,,0,62,suburban,groceries,,1,146,0.16,200.88,,,
293,1384,17-11-2023 00:00,95.99,763,purchase,,57,rural,clothing,0,0.99,323,0.16,143.34,,,
294,1402,15-11-2023 00:00,154.66,924,,,34,rural,entertainment,0,0.86,122,0.11,427.22,,,
295,1637,11-04-2023 00:00,34.41,889,withdrawal,0,74,rural,clothing,0,1,252,0.04,170.17,,,
296,1129,25-11-2023 00:00,107.21,824,transfer,,19,rural,entertainment,1,0.97,343,0.09,113.49,,,
,1052,30-09-2023 00:00,46.83,927,purchase,0,,rural,electronics,1,0.92,387,,205.44,,,
298,1683,,63,876,transfer,0,26,rural,electronics,0,0.81,311,0.14,181.91,,,
299,,07-02-2023 00:00,127.94,819,transfer,,85,urban,electronics,1,0.98,89,0.12,167.85,,,
300,1671,04-04-2023 00:00,40.5,656,withdrawal,0,34,suburban,,0,0.91,475,0.08,387.43,,,
301,1709,05-04-2023 00:00,136.71,655,withdrawal,0,67,urban,electronics,0,0.97,58,0.05,87.03,,,
302,1415,01-11-2023 00:00,32.39,638,withdrawal,0,57,urban,electronics,1,0.97,492,0.03,203.74,,,
,,10-03-2023 00:00,1333.5,620,purchase,,75,rural,electronics,1,0.97,63,0.14,937.3,,,
304,1835,,22.52,564,purchase,0,38,suburban,electronics,1,0.94,347,0.13,145.9,,,
305,1438,,69.11,606,withdrawal,0,35,urban,clothing,1,0.86,,0.14,373.61,,,
306,1202,30-11-2023 00:00,194.82,646,withdrawal,0,72,rural,electronics,0,0.87,487,0.07,228.14,,,
307,1183,17-05-2023 00:00,185.43,,purchase,0,46,rural,electronics,,,473,,226.94,,,
308,1122,17-03-2023 00:00,79.37,910,purchase,0,41,,clothing,0,,382,0.15,106.05,,,
309,,04-02-2023 00:00,119.5,661,purchase,0,34,,clothing,1,0.92,280,0.15,157.54,,,
310,1766,01-01-2023 00:00,160.2,927,purchase,0,35,urban,entertainment,0,0.94,72,0.09,,,,
311,1293,23-10-2023 00:00,1340.6,951,withdrawal,0,59,,groceries,1,0.97,9,0.12,2499.4,,,
312,1279,,86.33,599,purchase,0,62,rural,electronics,1,,366,0.07,166.03,,,
313,1836,01-03-2023 00:00,,837,,1,,suburban,electronics,1,0.91,,0.14,244.06,,,
314,1883,16-11-2023 00:00,143.41,,transfer,0,31,,,0,0.8,94,0.17,226.77,,,
315,1609,15-12-2023 00:00,156.54,806,transfer,0,66,urban,entertainment,1,0.82,373,0.14,116.06,,,
,,24-11-2023 00:00,185.79,640,purchase,0,46,rural,electronics,1,,339,0.1,163.12,,,
317,,24-09-2023 00:00,15.64,582,transfer,0,21,urban,groceries,1,0.95,437,0.09,425.45,,,
,1906,,37.34,676,transfer,0,37,,clothing,1,0.82,336,0.13,239.2,,,
319,1510,17-08-2023 00:00,158.1,697,transfer,0,64,rural,entertainment,1,0.94,152,,43.1,,,
320,1751,27-09-2023 00:00,22.42,611,purchase,0,26,urban,clothing,1,0.85,492,,251.02,,,
321,,12-11-2023 00:00,161.93,555,purchase,0,,urban,electronics,1,0.98,405,,330.31,,,
322,,13-10-2023 00:00,89.25,959,transfer,0,32,rural,electronics,,,356,0.02,109.56,,,
323,1200,18-10-2023 00:00,73.95,678,withdrawal,0,36,suburban,electronics,1,,,0.19,154.32,,,
324,1123,01-08-2023 00:00,110.27,920,transfer,0,69,rural,groceries,1,0.98,359,0.16,345.38,,,
,1186,14-06-2023 00:00,32.73,,purchase,0,,urban,groceries,1,,495,0.07,,,,
326,1325,,141.2,,purchase,0,43,urban,entertainment,1,0.97,62,0.11,185.71,,,
327,,,184.48,970,purchase,0,43,urban,clothing,0,0.94,254,0.01,66.39,,,
,1348,19-03-2023 00:00,143.53,717,transfer,0,63,urban,electronics,0,0.83,454,0.01,307.06,,,
,1770,03-03-2023 00:00,87.67,912,withdrawal,0,66,suburban,electronics,1,0.85,69,,181.15,,,
330,1659,12-05-2023 00:00,23.1,916,purchase,0,70,suburban,,1,0.84,398,0.14,-17.1,,,
331,1763,30-03-2023 00:00,25.02,815,purchase,,20,urban,electronics,1,0.92,245,,42.74,,,
332,1954,25-08-2023 00:00,33.52,974,transfer,0,,suburban,groceries,0,0.9,365,0.11,143.84,,,
333,1931,11-02-2023 00:00,99.39,716,withdrawal,0,59,,,0,0.97,170,0.11,92.72,,,
334,1402,30-03-2023 00:00,105.67,619,transfer,0,36,suburban,clothing,0,0.99,178,0.08,,,,
335,1345,23-10-2023 00:00,143.42,938,purchase,0,,urban,entertainment,1,0.88,189,0.03,,,,
336,,24-11-2023 00:00,10.2,893,withdrawal,0,,,groceries,1,0.9,,0.02,270.75,,,
337,1510,,165.56,674,withdrawal,0,66,rural,electronics,1,0.99,72,0.15,-57.73,,,
338,1146,14-04-2023 00:00,134.72,522,purchase,0,,rural,clothing,,0.86,472,0.19,,,,
339,1147,14-01-2023 00:00,83.66,712,withdrawal,0,80,urban,clothing,0,0.96,459,0.09,191.05,,,
340,1863,15-10-2023 00:00,40.51,904,withdrawal,0,20,suburban,groceries,,,17,0.13,52.31,,,
341,1710,28-06-2023 00:00,162.46,734,transfer,0,66,suburban,entertainment,0,0.94,370,0.18,,,,
342,1819,05-05-2023 00:00,85,,purchase,,72,urban,entertainment,0,0.85,341,0.02,-4.14,,,
343,1488,19-12-2023 00:00,99,600,purchase,0,43,,electronics,1,0.98,57,0.15,309.69,,,
344,1928,23-01-2023 00:00,119.18,916,purchase,0,89,,entertainment,0,0.91,218,0.12,344.15,,,
345,1935,04-03-2023 00:00,54.34,523,,0,69,rural,clothing,0,0.84,,0.12,435.26,,,
346,1639,23-05-2023 00:00,85.89,863,purchase,0,24,urban,,0,,304,0.06,42.57,,,
347,1550,02-06-2023 00:00,143.27,510,withdrawal,0,63,rural,electronics,,0.9,428,0.14,62.91,,,
348,1337,25-05-2023 00:00,138.2,772,transfer,0,63,suburban,clothing,1,0.99,173,0.16,269.27,,,
349,1871,13-08-2023 00:00,138.66,,purchase,0,33,urban,entertainment,1,0.95,219,,,,,
350,1640,05-11-2023 00:00,42.24,930,,0,41,urban,entertainment,0,0.9,464,0.11,280.9,,,
351,1778,,88.17,780,transfer,0,78,suburban,groceries,1,,247,0.02,307.97,,,
352,1987,14-04-2023 00:00,,593,withdrawal,0,71,suburban,electronics,0,0.91,218,0.17,337.68,,,
353,1952,08-02-2023 00:00,121.26,700,purchase,0,79,suburban,entertainment,1,0.95,373,0.1,220.23,,,
354,1472,17-07-2023 00:00,116.78,520,withdrawal,0,18,rural,groceries,1,,,0.16,178.75,,,
355,1945,14-05-2023 00:00,107.77,839,purchase,0,66,urban,clothing,1,0.86,31,0.07,63.18,,,
356,1150,08-03-2023 00:00,223.29,966,withdrawal,0,42,,groceries,1,0.94,368,0.03,,,,
357,1414,28-06-2023 00:00,85.46,,,0,27,suburban,groceries,1,0.93,47,0.01,185.51,,,
358,1989,11-02-2023 00:00,79.61,639,purchase,0,33,rural,entertainment,0,0.99,134,0.06,105.03,,,
359,1297,15-01-2023 00:00,42.16,792,transfer,0,75,suburban,entertainment,1,0.99,108,0.05,196.18,,,
360,1610,21-04-2023 00:00,23.11,797,transfer,0,89,rural,entertainment,0,0.96,72,0.11,93.76,,,
361,1262,06-06-2023 00:00,38.98,900,withdrawal,0,46,rural,groceries,,0.94,327,0,311.33,,,
362,1763,16-10-2023 00:00,64.07,600,purchase,,23,suburban,clothing,1,0.85,418,0.1,242.58,,,
363,1143,,165.5,803,,0,33,rural,electronics,0,,,0.08,154.04,,,
,1345,06-06-2023 00:00,101.96,858,,0,37,urban,groceries,1,0.89,309,0.12,218.88,,,
365,1623,07-02-2023 00:00,109.67,527,purchase,0,88,rural,entertainment,0,0.85,398,0.14,89.49,,,
366,1571,07-04-2023 00:00,95.19,540,purchase,0,60,rural,electronics,0,0.88,272,0.13,99.63,,,
367,1880,16-10-2023 00:00,118.27,854,transfer,0,43,,clothing,1,0.97,171,0.2,136.61,,,
368,1001,11-09-2023 00:00,170.1,802,purchase,,,suburban,electronics,1,0.83,116,0.03,180.81,,,
369,1896,15-07-2023 00:00,0.3,995,transfer,0,50,urban,,1,0.89,329,0.09,,,,
370,1303,27-03-2023 00:00,160.92,,purchase,,43,rural,,,0.9,74,,214.52,,,
371,1253,18-11-2023 00:00,,755,withdrawal,0,62,suburban,groceries,0,0.81,,0.08,68.12,,,
372,1651,10-01-2023 00:00,101.41,961,transfer,,80,,entertainment,1,0.84,81,0.13,191.93,,,
373,1452,05-01-2023 00:00,209.6,726,transfer,0,,rural,groceries,0,,268,0.1,118.19,,,
374,1036,03-05-2023 00:00,134.03,735,purchase,0,69,urban,entertainment,0,0.97,128,0.1,-140.9,,,
375,1159,26-11-2023 00:00,118.65,860,purchase,0,85,urban,groceries,0,0.86,326,0.09,507.56,,,
376,1008,19-12-2023 00:00,,879,transfer,0,43,suburban,,0,0.97,403,0.2,120.13,,,
377,1232,28-04-2023 00:00,,,purchase,0,19,suburban,groceries,0,0.95,235,0.19,125.68,,,
378,1098,21-10-2023 00:00,121.7,988,,0,31,suburban,,0,0.88,41,0.06,65.36,,,
379,1658,08-06-2023 00:00,128.91,512,purchase,0,,rural,clothing,1,0.95,181,0.02,94.25,,,
,1815,30-10-2023 00:00,73.88,709,withdrawal,0,66,urban,entertainment,0,0.99,157,0.17,181.13,,,
381,1207,16-08-2023 00:00,78.29,728,withdrawal,0,29,urban,clothing,0,0.89,454,0.2,335.18,,,
382,,31-12-2023 00:00,72.81,896,withdrawal,0,61,urban,entertainment,0,0.85,59,0.06,180.57,,,
383,1403,04-08-2023 00:00,,599,withdrawal,0,50,suburban,electronics,1,0.99,345,0.07,167.64,,,
384,,03-07-2023 00:00,127.33,530,withdrawal,,30,urban,electronics,1,0.92,249,0.19,320.03,,,
385,,15-01-2023 00:00,106.16,885,purchase,0,43,urban,clothing,0,0.82,192,0.14,147.56,,,
386,1119,06-06-2023 00:00,135.47,515,withdrawal,0,38,urban,electronics,,0.91,24,0.06,202.11,,,
387,1672,16-05-2023 00:00,1.54,636,purchase,0,45,suburban,electronics,0,0.9,473,0.12,107.84,,,
388,1919,18-09-2023 00:00,89.09,828,withdrawal,0,65,,groceries,,0.97,400,0.19,368.51,,,
389,1627,06-06-2023 00:00,48.83,665,transfer,0,57,suburban,groceries,0,0.91,436,0.16,304.85,,,
390,1586,16-02-2023 00:00,115.09,958,withdrawal,,83,urban,entertainment,,0.85,80,0.15,184.7,,,
391,,20-11-2023 00:00,114.35,809,transfer,0,40,urban,electronics,1,0.94,134,0.15,160.06,,,
392,1967,28-11-2023 00:00,94.22,939,withdrawal,0,65,urban,entertainment,1,0.91,421,0.04,196.82,,,
393,1419,,125.51,969,withdrawal,0,19,suburban,entertainment,0,,213,0.16,186.16,,,
,1421,,149.89,980,withdrawal,1,37,suburban,electronics,0,0.91,388,0.06,45.32,,,
395,1103,05-04-2023 00:00,,599,transfer,0,76,urban,clothing,0,0.96,482,0.19,308.27,,,
396,1851,25-04-2023 00:00,47.42,,transfer,1,63,rural,electronics,1,0.81,348,0.07,177.29,,,
,1253,31-08-2023 00:00,20.94,842,withdrawal,1,20,suburban,groceries,1,0.93,166,0.17,389.83,,,
398,1226,19-10-2023 00:00,101.81,672,purchase,0,72,suburban,electronics,,0.87,425,,242.18,,,
399,1111,09-10-2023 00:00,112.09,736,withdrawal,0,29,urban,clothing,1,0.86,348,,-52.11,,,
400,1509,26-10-2023 00:00,51.52,661,transfer,0,57,rural,entertainment,0,0.88,337,0.02,71.84,,,
401,1472,10-10-2023 00:00,136.29,892,withdrawal,0,83,urban,entertainment,,0.87,398,0.13,-14.61,,,
,1098,10-03-2023 00:00,77.05,715,transfer,0,,,groceries,,0.97,71,0.17,,,,
403,1152,28-05-2023 00:00,17.18,763,transfer,0,,suburban,,0,0.85,214,0.14,36.64,,,
404,,11-01-2023 00:00,162.82,762,transfer,0,61,urban,groceries,1,0.95,435,0.1,225.26,,,
405,1913,11-09-2023 00:00,157.2,,withdrawal,0,23,urban,entertainment,1,0.82,65,0.01,168.39,,,
,1895,26-11-2023 00:00,-0.78,773,transfer,0,81,rural,groceries,1,0.99,221,0.19,274.05,,,
407,1877,26-12-2023 00:00,71.87,502,transfer,0,39,rural,electronics,0,0.92,308,0.14,196.19,,,
408,1337,07-02-2023 00:00,69.92,527,withdrawal,0,35,suburban,entertainment,1,0.94,479,0.15,175.97,,,
409,1705,14-05-2023 00:00,181.97,825,transfer,,29,rural,clothing,0,0.86,,0.16,400.32,,,
410,1821,19-07-2023 00:00,95.04,991,withdrawal,0,69,,entertainment,0,0.88,,0.15,222.28,,,
411,1162,,25.21,927,transfer,0,68,,electronics,0,0.84,207,0.09,191.95,,,
412,1719,,144.11,648,purchase,0,88,suburban,electronics,0,0.99,466,0.15,114.66,,,
413,1956,12-12-2023 00:00,38.46,527,purchase,0,,suburban,groceries,0,0.9,99,0.13,82.41,,,
414,1680,29-10-2023 00:00,,987,,0,36,suburban,entertainment,0,0.93,242,0.17,277.05,,,
415,1995,29-12-2023 00:00,61.51,809,purchase,0,23,urban,,1,0.95,158,0.16,271.07,,,
416,1160,06-08-2023 00:00,,937,withdrawal,0,44,suburban,entertainment,1,0.87,98,0.01,357.16,,,
417,1579,21-05-2023 00:00,,564,purchase,0,,suburban,clothing,,0.94,42,0.08,247.89,,,
418,1800,14-04-2023 00:00,176.07,855,transfer,0,65,suburban,groceries,1,,139,0.01,160.69,,,
419,,29-07-2023 00:00,36.28,520,transfer,0,24,rural,electronics,0,0.94,283,,,,,
420,1276,21-04-2023 00:00,131.3,751,withdrawal,1,76,suburban,electronics,0,0.9,,0.12,191.97,,,
421,1815,14-04-2023 00:00,63.36,734,transfer,0,86,urban,groceries,,0.88,227,0.17,286.54,,,
422,1915,12-11-2023 00:00,64.92,726,,0,28,urban,electronics,1,0.84,,0.02,333.43,,,
423,1503,20-06-2023 00:00,,,purchase,0,32,suburban,electronics,1,0.96,72,,183.14,,,
424,1895,22-12-2023 00:00,48.6,812,purchase,0,81,urban,groceries,1,0.92,243,0.18,,,,
425,1391,20-11-2023 00:00,123.53,,withdrawal,0,20,rural,electronics,1,0.89,18,0.16,318.83,,,
426,1134,13-05-2023 00:00,136.51,617,,0,86,suburban,entertainment,1,0.99,77,0.1,201.77,,,
427,1194,20-10-2023 00:00,78.37,553,transfer,0,40,urban,,1,0.81,45,0.15,267.07,,,
428,1400,24-11-2023 00:00,166.35,637,purchase,1,70,urban,groceries,,0.97,472,0.1,230.55,,,
429,,07-05-2023 00:00,36.36,552,withdrawal,0,54,suburban,clothing,,1,371,0.03,202.2,,,
430,1032,16-04-2023 00:00,167.27,543,purchase,0,26,urban,electronics,0,0.98,,0.02,391.31,,,
431,1687,02-04-2023 00:00,2.8,802,withdrawal,0,32,suburban,,0,0.96,140,0.04,251.76,,,
432,1459,14-10-2023 00:00,234.99,552,purchase,0,,urban,entertainment,0,0.87,177,0.07,,,,
433,1954,,,573,transfer,0,87,rural,groceries,1,0.85,,,97.2,,,
,1882,29-01-2023 00:00,41.88,545,purchase,0,34,urban,electronics,,0.95,415,0.16,101.29,,,
435,1469,23-10-2023 00:00,88.37,512,purchase,0,43,urban,groceries,1,0.86,92,,248.95,,,
436,1374,24-10-2023 00:00,47.68,664,purchase,0,38,suburban,groceries,0,,22,0.1,165.85,,,
437,1021,02-08-2023 00:00,119.35,601,purchase,0,89,urban,groceries,1,0.96,172,0.05,233.33,,,
438,1749,24-09-2023 00:00,168.38,779,purchase,0,38,suburban,groceries,1,0.86,92,0.14,293.64,,,
439,1669,14-09-2023 00:00,50.33,757,transfer,0,28,rural,groceries,0,0.98,192,0.16,,,,
440,1037,29-10-2023 00:00,,969,withdrawal,0,55,suburban,clothing,0,0.97,77,0.05,168.15,,,
441,1229,11-04-2023 00:00,23.36,836,purchase,0,89,suburban,entertainment,1,0.97,,0.01,59.14,,,
442,1364,,151.65,855,transfer,0,52,urban,groceries,,,364,0.12,,,,
,1562,20-04-2023 00:00,120.81,,purchase,0,31,rural,clothing,1,0.98,,0.11,54.29,,,
444,,01-07-2023 00:00,153.81,637,,,31,suburban,,0,0.96,238,0.08,50.36,,,
445,1775,09-11-2023 00:00,93.88,662,withdrawal,0,27,urban,groceries,0,0.92,135,0.13,376.65,,,
446,1282,01-01-2023 00:00,78.24,908,purchase,0,29,urban,electronics,,0.86,365,0.11,,,,
447,1026,15-11-2023 00:00,140.81,886,transfer,0,55,,groceries,,0.98,,0.05,248.48,,,
448,1225,24-02-2023 00:00,34.6,610,transfer,0,51,urban,clothing,1,0.97,280,0.08,195.01,,,
449,,29-05-2023 00:00,12.86,601,withdrawal,0,58,suburban,clothing,0,0.89,19,0.09,176.08,,,
450,1797,05-11-2023 00:00,99.75,516,purchase,0,27,suburban,clothing,0,0.81,83,0.18,134.92,,,
451,1608,17-05-2023 00:00,80.52,,transfer,,34,suburban,entertainment,0,0.93,228,0.19,171.7,,,
452,1283,21-07-2023 00:00,127.69,681,purchase,0,34,rural,electronics,0,0.81,,0.18,195.26,,,
453,1878,09-11-2023 00:00,154.58,871,purchase,0,84,suburban,entertainment,0,0.99,265,0.14,,,,
454,1959,,126.65,523,purchase,0,79,urban,groceries,1,0.99,112,0.12,117.98,,,
455,1480,03-06-2023 00:00,150.6,528,,0,,rural,electronics,,0.84,251,0.14,-11.19,,,
456,1452,18-10-2023 00:00,116.05,670,purchase,0,29,urban,,0,0.94,164,0.19,207.79,,,
457,1828,04-03-2023 00:00,124.73,908,transfer,0,,rural,electronics,1,0.82,358,,207.81,,,
458,1815,01-09-2023 00:00,94.17,727,purchase,0,59,rural,clothing,1,,168,,377.85,,,
459,1658,25-01-2023 00:00,123.25,877,transfer,,30,rural,entertainment,0,0.87,221,0.14,237.56,,,
460,1515,31-03-2023 00:00,108.33,687,purchase,0,,rural,entertainment,,,408,0.14,144.4,,,
,1546,16-03-2023 00:00,116.26,,transfer,0,86,urban,,0,0.87,304,0.05,179.96,,,
462,1191,21-10-2023 00:00,91.66,729,,0,36,suburban,clothing,1,,191,0.12,248.68,,,
463,1048,29-07-2023 00:00,,820,,0,,urban,groceries,1,0.88,325,0.16,222.76,,,
464,1511,13-12-2023 00:00,64.48,839,purchase,0,29,suburban,entertainment,1,,,0.1,257.83,,,
465,1016,17-01-2023 00:00,99.08,618,transfer,0,23,urban,entertainment,1,,438,0.16,237.7,,,
466,1171,08-05-2023 00:00,165.59,655,withdrawal,0,25,rural,groceries,1,0.81,170,,174.74,,,
467,1219,30-12-2023 00:00,52.56,771,purchase,1,68,rural,,1,0.91,375,0.19,146.42,,,
468,1157,08-09-2023 00:00,-8.09,674,withdrawal,,28,,clothing,1,0.98,,0.11,141.04,,,
469,1476,28-06-2023 00:00,118.32,964,purchase,0,80,suburban,electronics,0,0.97,381,0.12,107.47,,,
470,1045,01-07-2023 00:00,87.15,603,purchase,0,74,urban,electronics,,0.98,474,,91.79,,,
471,1372,01-06-2023 00:00,150.54,591,purchase,0,29,suburban,entertainment,0,0.98,,0.03,383.85,,,
472,1517,25-01-2023 00:00,93.47,685,purchase,0,19,urban,groceries,0,0.82,,0.13,212.47,,,
473,1098,,69.78,959,withdrawal,0,25,suburban,clothing,,0.83,157,0.08,184.47,,,
474,1891,17-07-2023 00:00,96.21,782,purchase,,28,suburban,electronics,,0.91,134,0.1,150.41,,,
,1744,,154.65,680,transfer,0,70,suburban,clothing,1,,391,0.01,242.89,,,
,1036,10-06-2023 00:00,,,transfer,0,27,,entertainment,0,0.99,37,0.17,320.37,,,
477,1279,26-06-2023 00:00,-21.7,686,,0,25,rural,entertainment,0,0.81,53,0.16,272.33,,,
478,1348,12-10-2023 00:00,109.29,674,purchase,0,53,urban,electronics,0,,,0.04,292.16,,,
479,1496,04-03-2023 00:00,111.79,721,transfer,0,,suburban,entertainment,1,0.84,471,0.13,141.35,,,
480,1301,30-05-2023 00:00,99.09,732,withdrawal,0,71,urban,groceries,0,0.95,492,,199.59,,,
481,1180,03-06-2023 00:00,,661,purchase,0,38,suburban,entertainment,1,0.93,,0.13,142.66,,,
482,1606,05-06-2023 00:00,159.73,920,transfer,0,67,rural,,0,0.82,187,0.06,210.7,,,
483,1098,18-02-2023 00:00,162.2,633,transfer,0,56,rural,entertainment,1,,385,0.13,327.26,,,
484,1699,03-12-2023 00:00,-10.16,890,withdrawal,0,37,suburban,,0,0.94,196,0.04,243.94,,,
485,,25-03-2023 00:00,60.1,979,purchase,0,24,suburban,clothing,1,0.96,243,0.06,362.67,,,
486,1115,27-12-2023 00:00,,723,purchase,0,26,rural,electronics,0,0.8,300,0.05,171.15,,,
487,1190,26-06-2023 00:00,147.43,,transfer,0,18,rural,,0,0.98,303,0.11,119.3,,,
488,1252,28-05-2023 00:00,101.74,532,transfer,0,43,urban,electronics,1,0.91,35,0.02,251.21,,,
489,1980,28-04-2023 00:00,65.82,554,transfer,0,55,rural,,1,0.96,215,0.19,211.89,,,
490,,08-12-2023 00:00,135.48,941,purchase,0,55,suburban,clothing,0,0.96,219,0.07,232.27,,,
,1982,04-03-2023 00:00,89.43,506,withdrawal,0,,,groceries,1,0.84,316,0.04,217.32,,,
492,1160,08-07-2023 00:00,94.13,743,withdrawal,0,61,suburban,entertainment,0,,90,0.1,151.56,,,
,1255,26-12-2023 00:00,98.64,812,purchase,0,,urban,entertainment,1,0.94,308,0.06,219.57,,,
494,1322,18-02-2023 00:00,128.72,625,withdrawal,0,79,suburban,entertainment,0,0.83,252,0.11,297.34,,,
495,1127,23-11-2023 00:00,84.57,511,transfer,0,23,rural,groceries,1,0.97,8,0.07,307.61,,,
496,1017,14-09-2023 00:00,134.35,515,withdrawal,0,34,suburban,electronics,0,0.95,256,0.03,151.05,,,
497,1792,,96.35,707,withdrawal,0,68,urban,groceries,0,0.97,363,,223.1,,,
498,1734,21-05-2023 00:00,46.65,542,withdrawal,0,55,suburban,electronics,0,0.86,208,0.09,,,,
499,1565,,98.16,872,transfer,0,41,urban,groceries,,0.86,,0.01,153.21,,,
500,1569,30-07-2023 00:00,49.24,,purchase,0,68,suburban,clothing,0,0.93,131,0.15,135.06,,,
501,1322,14-11-2023 00:00,,960,transfer,,27,rural,,1,0.81,224,0.12,,,,
502,1871,01-02-2023 00:00,141.47,634,,0,89,rural,entertainment,,0.95,197,0.12,261.9,,,
503,,07-06-2023 00:00,46.32,727,purchase,0,38,suburban,entertainment,1,0.97,468,0.11,116.3,,,
504,1791,12-10-2023 00:00,118.21,610,purchase,0,87,suburban,electronics,0,0.88,142,0.12,,,,
505,1625,01-11-2023 00:00,58.55,806,withdrawal,,74,suburban,groceries,,0.95,252,,221.16,,,
506,1287,,110.09,956,withdrawal,0,56,urban,clothing,1,0.83,96,0,158.14,,,
507,1942,,143.01,659,purchase,0,50,suburban,groceries,1,0.86,,0.01,31.59,,,
508,1853,19-01-2023 00:00,-6.48,830,purchase,0,76,suburban,entertainment,0,0.99,111,0.04,131.28,,,
509,1662,18-01-2023 00:00,44.28,763,,0,,urban,clothing,1,1,454,0.03,260.26,,,
510,1961,14-09-2023 00:00,81.55,724,transfer,0,73,rural,clothing,1,0.9,123,0.04,184.86,,,
511,1638,19-03-2023 00:00,115.75,970,purchase,0,74,suburban,entertainment,1,0.99,186,0.13,356.61,,,
512,1154,24-06-2023 00:00,91.68,716,transfer,0,65,suburban,groceries,1,0.9,484,0.09,-8.72,,,
513,1489,13-07-2023 00:00,97.71,955,withdrawal,0,59,rural,entertainment,0,0.86,168,0.2,333.8,,,
514,1385,23-04-2023 00:00,202.15,544,,,44,rural,,0,0.85,51,0.05,165.61,,,
515,1985,24-04-2023 00:00,39.38,713,transfer,,69,urban,clothing,1,0.99,,0.06,151.16,,,
516,1784,10-08-2023 00:00,156.77,558,transfer,0,59,suburban,clothing,1,0.83,5,0.2,44.88,,,
517,1103,15-06-2023 00:00,82.5,631,transfer,0,49,suburban,,1,0.92,,0.17,246.51,,,
518,,15-11-2023 00:00,127.47,603,withdrawal,0,43,,clothing,1,0.91,,0.09,17.32,,,
519,1392,12-05-2023 00:00,,694,withdrawal,1,42,rural,electronics,0,0.95,208,0.11,281.79,,,
520,1810,21-09-2023 00:00,134.43,912,transfer,0,40,urban,clothing,0,0.9,257,0.17,48.66,,,
521,1245,24-02-2023 00:00,118.62,988,transfer,0,74,,electronics,,0.85,205,0.1,64.43,,,
522,1175,,1799.6,,withdrawal,0,69,,clothing,0,0.83,255,0.04,808.8,,,
523,1038,11-05-2023 00:00,156.24,597,transfer,,48,rural,entertainment,1,0.92,438,0.17,,,,
524,1476,15-10-2023 00:00,60.03,725,transfer,0,81,urban,entertainment,1,,11,0.11,294.21,,,
525,1681,23-09-2023 00:00,114.73,911,withdrawal,0,88,rural,electronics,0,,437,0.03,350.4,,,
526,1758,11-06-2023 00:00,14.13,704,transfer,0,50,rural,entertainment,0,0.95,8,0.1,138.74,,,
527,1537,28-03-2023 00:00,72.99,578,transfer,0,19,,clothing,1,,409,0.08,195.34,,,
528,1866,24-02-2023 00:00,115.7,,transfer,0,35,rural,clothing,1,0.98,424,0.18,248.99,,,
529,,,69.89,970,withdrawal,0,64,rural,entertainment,1,0.92,32,0.03,,,,
530,1920,27-06-2023 00:00,113.67,927,transfer,0,50,suburban,clothing,1,0.83,472,0.18,245.08,,,
531,1407,15-12-2023 00:00,99.33,717,withdrawal,0,52,rural,groceries,1,0.89,,0.1,199.59,,,
532,1524,08-01-2023 00:00,126.82,503,withdrawal,1,68,suburban,groceries,0,0.97,206,0.08,174.65,,,
533,1827,17-11-2023 00:00,78.79,589,purchase,0,35,rural,,0,0.98,493,0.03,58.02,,,
534,1505,09-11-2023 00:00,52.99,603,purchase,,89,suburban,entertainment,,0.85,387,0.14,214.9,,,
535,1902,04-09-2023 00:00,173.91,892,transfer,0,47,suburban,electronics,1,0.94,228,0.19,295.84,,,
536,1824,19-11-2023 00:00,75.22,618,,1,61,urban,entertainment,0,0.82,128,0.08,122.17,,,
537,1035,12-09-2023 00:00,133,632,purchase,0,70,rural,electronics,1,0.81,255,0.05,3.17,,,
538,1684,24-11-2023 00:00,171.76,811,transfer,0,27,urban,entertainment,,0.91,475,0.11,168.04,,,
539,,23-02-2023 00:00,108.13,595,purchase,0,,urban,clothing,0,0.94,212,,350.98,,,
540,,06-09-2023 00:00,57.18,967,purchase,0,66,rural,groceries,0,0.96,239,0,321.19,,,
541,1775,,,933,withdrawal,0,28,urban,entertainment,0,,207,0.13,141.95,,,
542,1511,17-08-2023 00:00,150.88,,withdrawal,0,,rural,electronics,1,,318,0.12,245.55,,,
543,1399,08-03-2023 00:00,110.31,642,purchase,0,75,urban,groceries,1,0.9,283,0.06,261.35,,,
,1653,20-02-2023 00:00,39.74,787,purchase,0,,rural,electronics,0,0.8,245,0.09,349.03,,,
545,1971,,,527,withdrawal,0,50,rural,clothing,1,0.82,45,0.05,44.94,,,
546,1882,02-04-2023 00:00,138.48,777,,0,64,rural,groceries,,0.87,105,0.16,93.12,,,
547,,21-09-2023 00:00,82.23,732,withdrawal,0,30,suburban,electronics,1,0.89,348,0.13,,,,
548,1142,18-10-2023 00:00,,516,purchase,0,57,,entertainment,1,0.86,,0.11,132.16,,,
,1091,06-04-2023 00:00,112.25,558,transfer,0,85,suburban,clothing,0,0.92,234,0.08,306.63,,,
550,1353,29-03-2023 00:00,90.13,589,purchase,0,,urban,clothing,1,0.81,189,0.06,144.03,,,
,1833,19-03-2023 00:00,35.32,991,transfer,0,36,urban,clothing,0,0.83,44,0.16,69.18,,,
552,1799,15-10-2023 00:00,153.9,,purchase,0,36,urban,,0,,494,0.09,222.66,,,
553,1726,30-04-2023 00:00,,861,transfer,0,75,suburban,entertainment,1,0.83,225,0.1,225.24,,,
554,1958,29-10-2023 00:00,129.19,940,transfer,0,40,urban,groceries,0,0.93,,,98.3,,,
,,14-06-2023 00:00,177.23,525,purchase,0,71,suburban,entertainment,1,0.81,142,0.09,149.4,,,
556,,01-07-2023 00:00,147.26,524,transfer,0,82,rural,groceries,,0.88,136,0.05,215.06,,,
557,1664,11-08-2023 00:00,134.33,893,withdrawal,0,29,urban,clothing,0,0.84,176,,274.6,,,
558,1697,07-11-2023 00:00,-10.66,800,purchase,0,41,urban,groceries,1,0.82,142,0.02,135.11,,,
559,1574,07-01-2023 00:00,159.84,838,withdrawal,0,51,rural,electronics,0,0.91,449,0.15,,,,
560,1189,26-11-2023 00:00,,766,purchase,0,70,rural,clothing,0,0.99,80,0.04,391.26,,,
,1124,20-09-2023 00:00,,960,,,25,urban,clothing,1,0.81,82,0.01,172.6,,,
562,1149,10-06-2023 00:00,115.97,680,transfer,0,35,rural,groceries,1,,135,0.16,,,,
563,1313,31-05-2023 00:00,138.69,955,transfer,0,74,suburban,,1,0.94,207,0.03,264.84,,,
564,1569,26-03-2023 00:00,156.11,859,purchase,1,22,suburban,entertainment,0,0.89,344,0.13,21.31,,,
565,1341,27-05-2023 00:00,131.71,567,,0,43,urban,electronics,1,,,0.07,198.15,,,
566,1304,22-04-2023 00:00,123.76,994,withdrawal,0,47,suburban,groceries,0,0.84,383,0.03,35.43,,,
567,1691,05-02-2023 00:00,111.58,850,purchase,,71,suburban,groceries,0,0.99,243,0.08,186.92,,,
568,1681,12-10-2023 00:00,-67.58,,purchase,0,30,urban,clothing,1,0.88,55,0,337.31,,,
569,1837,07-07-2023 00:00,85.62,958,withdrawal,,46,rural,entertainment,,0.87,141,0.17,100.15,,,
570,1782,23-03-2023 00:00,52.92,990,withdrawal,0,20,urban,clothing,1,0.97,457,0.1,33.36,,,
571,1053,02-01-2023 00:00,160.54,820,withdrawal,,75,suburban,clothing,,0.91,440,0.03,388.77,,,
572,1443,30-10-2023 00:00,,548,withdrawal,0,19,urban,groceries,1,0.9,56,0.05,85.29,,,
573,,16-07-2023 00:00,77.09,674,,0,45,urban,clothing,0,0.95,15,0.09,50.14,,,
574,1992,11-01-2023 00:00,,551,purchase,0,19,suburban,electronics,1,0.92,185,,361.9,,,
575,1263,,80.3,,transfer,0,24,suburban,,1,0.83,314,0.05,81.35,,,
,,14-07-2023 00:00,,715,withdrawal,0,43,urban,,,0.93,419,0.11,364.49,,,
577,1571,29-04-2023 00:00,27.77,,,0,33,suburban,groceries,0,0.83,88,0.17,227.41,,,
578,,20-01-2023 00:00,16.94,,purchase,0,40,suburban,clothing,1,0.96,97,0.08,,,,
579,1004,18-09-2023 00:00,101.45,556,purchase,,57,suburban,entertainment,1,1,144,0.14,218.61,,,
580,1102,20-10-2023 00:00,153.77,546,transfer,0,77,,groceries,1,0.88,8,0.18,307.97,,,
581,1195,13-09-2023 00:00,73.12,658,withdrawal,0,49,suburban,clothing,1,0.89,477,0.04,,,,
582,1773,10-08-2023 00:00,,988,withdrawal,0,32,suburban,electronics,1,0.81,215,0.16,138.64,,,
583,1876,14-08-2023 00:00,136.71,673,withdrawal,0,,rural,electronics,0,0.8,173,0.15,-11.55,,,
584,1991,22-02-2023 00:00,50.33,,withdrawal,0,,urban,groceries,,0.98,223,0.07,297.18,,,
585,1883,21-12-2023 00:00,99,781,transfer,0,69,suburban,groceries,0,0.83,40,0.2,241.96,,,
586,1349,08-12-2023 00:00,66.67,740,transfer,0,,urban,clothing,0,0.89,497,0.05,99.27,,,
587,1046,30-12-2023 00:00,,869,purchase,0,,rural,entertainment,1,0.96,182,0.05,25.11,,,
588,1866,07-10-2023 00:00,178.12,504,withdrawal,0,67,suburban,clothing,0,0.98,270,0.15,228.18,,,
589,,22-03-2023 00:00,50.38,583,withdrawal,0,32,urban,,0,0.9,187,0.09,367.6,,,
590,1935,21-07-2023 00:00,119.29,807,,0,,suburban,entertainment,0,0.91,245,0.07,186.2,,,
591,1819,07-06-2023 00:00,153.38,860,transfer,0,57,suburban,entertainment,1,0.93,478,0.04,134.16,,,
,1655,30-04-2023 00:00,142.42,958,withdrawal,0,45,suburban,entertainment,0,0.99,309,0.15,106.29,,,
593,1268,28-02-2023 00:00,104.08,747,transfer,0,49,suburban,clothing,1,0.92,231,0.16,324.93,,,
594,1369,03-08-2023 00:00,165.33,553,withdrawal,0,32,suburban,electronics,0,0.91,383,0.11,122.08,,,
595,1635,,54.77,660,withdrawal,0,87,suburban,groceries,1,0.8,155,0.19,162.88,,,
596,1105,12-08-2023 00:00,84.85,933,,0,82,suburban,clothing,0,0.82,175,0.06,304.17,,,
597,1669,28-07-2023 00:00,,921,withdrawal,0,21,rural,,1,0.92,336,0.04,263.75,,,
598,1658,25-04-2023 00:00,139.12,,withdrawal,0,28,rural,entertainment,0,0.99,115,0.14,166.71,,,
599,1656,28-07-2023 00:00,70.87,725,purchase,0,43,suburban,entertainment,1,0.97,390,,130.1,,,
600,1119,,91.44,514,transfer,0,78,suburban,clothing,1,1,311,,346.56,,,
,1830,09-01-2023 00:00,,723,transfer,0,,rural,electronics,0,,481,0.02,88.36,,,
602,1786,09-02-2023 00:00,134.91,560,withdrawal,0,,,entertainment,1,0.96,300,0.16,178.97,,,
603,1603,25-08-2023 00:00,54.64,621,transfer,0,57,rural,groceries,1,0.97,18,,49.41,,,
604,1057,08-10-2023 00:00,152.83,776,withdrawal,0,40,suburban,groceries,0,0.93,272,0.13,318.89,,,
605,1950,25-12-2023 00:00,122.78,545,purchase,0,33,,clothing,0,0.87,12,0.06,152.51,,,
606,1345,20-07-2023 00:00,45.91,952,purchase,,78,urban,groceries,1,0.89,404,0.2,130.04,,,
607,1740,03-09-2023 00:00,33.61,889,,0,85,urban,electronics,0,0.97,301,,266.17,,,
608,1473,05-10-2023 00:00,992.1,,purchase,0,48,urban,entertainment,0,0.86,192,0.1,574.5,,,
609,1116,23-08-2023 00:00,142.5,561,purchase,0,70,suburban,groceries,,0.98,232,,263.54,,,
610,1829,04-01-2023 00:00,143.79,,withdrawal,1,42,urban,groceries,1,0.85,443,0.16,163.95,,,
,1790,03-06-2023 00:00,117.81,945,withdrawal,0,61,rural,entertainment,1,0.95,93,0.19,79.47,,,
,1126,29-01-2023 00:00,102.43,709,purchase,0,29,,clothing,1,0.93,478,0.17,100.97,,,
613,,,125.59,577,transfer,0,26,urban,groceries,1,0.95,218,0.13,131.58,,,
614,1907,08-04-2023 00:00,57.23,701,transfer,0,29,rural,,,0.89,278,0.12,155.6,,,
615,1640,03-08-2023 00:00,184.35,801,withdrawal,0,86,suburban,clothing,1,,353,0.09,,,,
616,1057,20-10-2023 00:00,183.7,896,,0,,urban,groceries,1,0.93,487,0.13,229.45,,,
617,,16-03-2023 00:00,121.44,722,transfer,1,71,,electronics,0,0.86,303,0.16,77.53,,,
618,1512,22-11-2023 00:00,109.87,721,purchase,0,45,suburban,clothing,1,0.93,29,0.19,-36.51,,,
619,1750,26-05-2023 00:00,79.43,502,transfer,0,,rural,groceries,1,0.86,470,0.09,391.96,,,
,1801,08-05-2023 00:00,126.44,977,transfer,,86,suburban,clothing,0,0.86,,0.11,219.79,,,
621,1095,07-12-2023 00:00,65.43,505,transfer,0,,suburban,entertainment,0,0.88,77,0.09,400.95,,,
622,1637,11-02-2023 00:00,-11.18,,transfer,0,59,rural,electronics,0,0.97,9,0.13,95.63,,,
623,1117,22-12-2023 00:00,-35.71,507,withdrawal,0,55,suburban,,1,0.9,24,0.13,247.98,,,
624,1559,10-02-2023 00:00,60.03,927,withdrawal,0,85,rural,entertainment,0,0.94,15,,289.46,,,
625,1600,03-02-2023 00:00,107.82,992,purchase,0,70,rural,entertainment,1,,164,0.11,181.07,,,
626,1487,17-01-2023 00:00,,734,purchase,0,50,suburban,clothing,1,0.85,,0.02,55.56,,,
627,1236,14-06-2023 00:00,75.66,607,purchase,0,88,,entertainment,1,0.99,347,0.01,173.55,,,
628,1884,02-06-2023 00:00,,660,purchase,0,73,suburban,electronics,0,0.92,172,0.16,,,,
629,1896,,86.29,708,transfer,0,,rural,,0,0.99,357,0.05,258.82,,,
630,1271,28-03-2023 00:00,,,withdrawal,0,68,urban,groceries,1,0.84,327,0.07,199.84,,,
631,1188,27-04-2023 00:00,97.31,830,withdrawal,0,60,rural,groceries,1,0.83,200,0.01,289.73,,,
632,1998,,140.65,832,purchase,1,32,rural,clothing,1,,485,0.04,285.01,,,
633,1703,08-12-2023 00:00,52.3,,purchase,0,55,suburban,electronics,0,0.94,489,0.15,147.63,,,
634,1446,27-01-2023 00:00,,510,transfer,0,32,rural,groceries,1,0.84,462,0.1,47.96,,,
635,1580,09-11-2023 00:00,46.54,850,,,22,urban,entertainment,,0.85,378,,219.04,,,
636,1789,14-10-2023 00:00,3.17,,,0,71,urban,groceries,1,0.96,76,0.08,,,,
637,1860,14-05-2023 00:00,75.99,991,withdrawal,0,68,,groceries,0,0.89,164,,214.37,,,
638,,07-08-2023 00:00,,569,withdrawal,0,27,rural,clothing,1,0.93,372,,334.55,,,
639,1962,,108.7,668,withdrawal,0,,urban,entertainment,0,0.86,61,,243.75,,,
640,1075,08-04-2023 00:00,91.54,771,purchase,0,21,suburban,entertainment,0,0.88,488,0.11,329.63,,,
641,1153,25-09-2023 00:00,106.45,567,withdrawal,0,35,urban,entertainment,,1,465,,98.85,,,
642,1655,25-08-2023 00:00,,854,transfer,,53,urban,clothing,0,0.85,424,0.12,,,,
643,1434,05-11-2023 00:00,26.1,751,transfer,0,42,rural,entertainment,0,0.9,245,0.1,,,,
644,1996,22-06-2023 00:00,139.19,547,purchase,,53,,entertainment,0,0.97,477,0.16,206.43,,,
645,1085,09-07-2023 00:00,153.56,683,transfer,0,84,urban,groceries,1,0.85,382,0.19,432.21,,,
646,1696,02-05-2023 00:00,,819,purchase,,26,suburban,groceries,1,0.88,155,0.07,114.26,,,
647,,,92.46,,withdrawal,0,78,,entertainment,1,0.92,257,0.05,136.12,,,
648,1973,05-03-2023 00:00,,589,withdrawal,0,70,urban,electronics,1,0.9,244,0.12,264.99,,,
649,1219,10-05-2023 00:00,117.56,945,withdrawal,0,35,suburban,,0,0.89,162,,205.45,,,
650,1068,06-11-2023 00:00,184.49,831,transfer,0,60,urban,entertainment,1,0.87,68,0.2,125.71,,,
651,1046,29-12-2023 00:00,157.99,638,purchase,0,52,urban,,0,0.92,344,0.09,261.91,,,
652,1093,12-07-2023 00:00,81.15,856,,0,80,rural,,0,0.92,277,0.01,235.55,,,
653,1749,03-11-2023 00:00,127.12,588,purchase,0,21,,groceries,0,,161,0.2,141.37,,,
,1957,30-06-2023 00:00,162.72,773,withdrawal,,58,rural,clothing,1,0.81,,0.17,218.91,,,
655,1452,19-10-2023 00:00,120.42,518,,0,62,rural,,0,0.93,449,,275.9,,,
656,1203,09-10-2023 00:00,99.77,970,transfer,,67,suburban,electronics,1,0.99,489,0.18,139.15,,,
657,1911,29-01-2023 00:00,122.3,810,purchase,0,45,suburban,electronics,1,0.91,259,0.07,251.7,,,
658,1217,29-05-2023 00:00,64.84,857,transfer,,59,urban,entertainment,1,0.94,492,0.08,,,,
659,1473,24-09-2023 00:00,72.14,873,transfer,0,86,rural,,1,0.91,,,,,,
660,1431,23-10-2023 00:00,46.8,965,purchase,0,18,suburban,electronics,1,,335,0.11,311.16,,,
661,1340,,115.35,653,withdrawal,0,56,rural,entertainment,0,0.99,95,0.03,261.37,,,
662,1550,13-06-2023 00:00,93.43,,transfer,0,34,rural,entertainment,0,0.84,,0.07,,,,
663,1611,23-04-2023 00:00,58.84,759,purchase,0,52,suburban,groceries,1,0.89,464,0.14,162.58,,,
664,1288,,91.79,607,transfer,0,,,,0,0.88,458,0.03,248.97,,,
665,1253,22-10-2023 00:00,123.5,870,transfer,0,,,,1,0.88,246,0.12,213.89,,,
666,1733,20-08-2023 00:00,195.74,784,transfer,0,56,suburban,groceries,0,0.83,221,0.14,261.82,,,
667,1356,15-08-2023 00:00,150.6,558,transfer,0,66,urban,clothing,0,,123,0.07,211.6,,,
668,,06-11-2023 00:00,-14.21,624,purchase,0,79,rural,electronics,0,0.81,187,0.14,,,,
669,1761,08-04-2023 00:00,111.97,,purchase,0,55,suburban,,,0.91,,0.18,183.68,,,
670,1521,24-02-2023 00:00,171.47,772,purchase,0,40,rural,clothing,0,0.93,413,0.09,309.12,,,
671,1757,21-04-2023 00:00,33.11,606,transfer,0,39,suburban,groceries,0,0.84,273,0.08,269.49,,,
672,1836,01-06-2023 00:00,127.58,798,transfer,0,21,suburban,electronics,,0.98,373,0.05,240.47,,,
,1099,03-09-2023 00:00,88.17,744,transfer,0,66,rural,groceries,0,0.97,60,0.12,208.88,,,
674,1801,10-03-2023 00:00,157.51,835,purchase,0,76,rural,clothing,0,0.89,406,0.18,145.12,,,
675,1179,08-11-2023 00:00,120.21,949,transfer,1,,suburban,entertainment,0,0.88,408,0.06,169.32,,,
676,1222,16-10-2023 00:00,55.8,,withdrawal,0,88,urban,groceries,0,0.85,125,0.08,306.47,,,
677,1905,07-09-2023 00:00,89.96,746,transfer,0,19,rural,electronics,0,0.95,337,0.08,297.05,,,
678,1761,05-02-2023 00:00,92.92,507,withdrawal,0,66,suburban,entertainment,0,0.83,341,0.11,135.14,,,
679,1658,,93.84,,transfer,0,48,suburban,groceries,1,0.94,51,,,,,
680,1441,28-05-2023 00:00,155.96,861,purchase,0,57,urban,,0,0.97,178,0.16,,,,
681,1607,15-08-2023 00:00,57.87,507,transfer,,65,urban,entertainment,0,0.85,139,0.06,243.32,,,
682,,,150.15,977,,0,68,urban,entertainment,0,0.97,,0.14,,,,
683,1324,03-12-2023 00:00,,851,withdrawal,0,60,rural,entertainment,,0.81,327,0.1,88.79,,,
684,1515,31-12-2023 00:00,111.18,983,transfer,0,72,suburban,electronics,0,0.98,170,0.12,,,,
685,1015,20-07-2023 00:00,103.62,994,withdrawal,0,66,suburban,electronics,0,0.82,39,0.04,317.02,,,
686,1791,03-06-2023 00:00,98.91,593,withdrawal,1,74,suburban,,1,0.93,69,0.15,350.9,,,
687,1335,14-03-2023 00:00,99.32,820,purchase,0,32,urban,groceries,1,0.85,236,0.04,51.85,,,
688,1758,20-07-2023 00:00,172.87,926,transfer,1,44,suburban,clothing,1,0.97,48,0.02,,,,
689,1257,23-10-2023 00:00,142.12,538,transfer,0,85,rural,electronics,0,0.9,381,0.11,281.41,,,
690,1496,17-01-2023 00:00,81.86,580,transfer,,,urban,groceries,0,0.83,57,0.14,-20.38,,,
691,1987,09-05-2023 00:00,179.14,686,withdrawal,0,47,urban,,0,0.91,277,0.01,92.67,,,
692,,05-08-2023 00:00,113.73,583,transfer,0,53,urban,entertainment,1,0.88,338,0.01,190.78,,,
693,1159,02-03-2023 00:00,117.88,587,transfer,0,84,urban,electronics,0,0.93,,0.16,140.28,,,
,1474,14-04-2023 00:00,58.13,741,purchase,0,66,rural,entertainment,,0.98,,0.16,220.91,,,
695,,11-02-2023 00:00,75.13,,purchase,0,72,suburban,clothing,1,0.88,15,0.05,347.05,,,
696,1663,25-01-2023 00:00,65.57,592,purchase,0,73,rural,groceries,1,0.86,325,0.12,114.72,,,
697,1907,08-02-2023 00:00,104.3,585,withdrawal,0,85,suburban,groceries,0,0.8,461,0.09,205.03,,,
698,1689,18-10-2023 00:00,131.94,543,transfer,0,61,rural,groceries,0,0.91,179,,165.52,,,
699,1674,11-05-2023 00:00,118.36,636,purchase,0,48,,electronics,0,,332,0.17,213.64,,,
700,1379,17-08-2023 00:00,,920,purchase,0,75,urban,entertainment,0,0.87,62,0.02,200.58,,,
701,1544,18-04-2023 00:00,55.61,573,purchase,0,70,rural,clothing,1,0.84,119,0.16,463.72,,,
702,1928,21-06-2023 00:00,105.74,535,transfer,0,40,rural,electronics,0,0.89,469,0.1,348.96,,,
703,1956,12-04-2023 00:00,35.85,600,transfer,0,45,,groceries,0,1,37,0.11,41.91,,,
704,1690,20-12-2023 00:00,53.91,975,transfer,0,33,rural,clothing,1,0.86,134,0.13,,,,
705,1426,12-01-2023 00:00,,655,withdrawal,,54,,groceries,0,0.92,455,0.18,122.21,,,
706,1612,02-10-2023 00:00,76.84,925,withdrawal,0,38,suburban,groceries,,0.96,26,0.01,76.57,,,
707,,,59.83,,purchase,0,34,suburban,electronics,1,0.95,490,0.01,63.16,,,
708,1834,13-02-2023 00:00,-6.5,670,transfer,0,54,suburban,groceries,1,0.87,496,0.04,182.16,,,
709,1576,01-11-2023 00:00,59.33,968,purchase,0,36,rural,clothing,0,0.92,8,0.2,126.03,,,
,1416,17-01-2023 00:00,,,transfer,0,47,suburban,groceries,1,0.97,457,,1109.2,,,
711,1167,26-11-2023 00:00,32.13,669,transfer,0,62,urban,entertainment,1,0.8,,0.12,402.05,,,
,1841,26-02-2023 00:00,86.86,751,,0,,,,0,0.89,4,0.01,132.91,,,
713,1042,07-11-2023 00:00,163.53,859,,0,,urban,,1,0.84,21,0.18,155.68,,,
714,1555,30-10-2023 00:00,64.63,821,withdrawal,,53,rural,clothing,0,0.88,415,0.16,274.15,,,
,,12-01-2023 00:00,52.83,554,transfer,,69,urban,electronics,0,0.88,149,0.13,155.35,,,
716,1396,14-11-2023 00:00,43.8,955,purchase,0,36,rural,entertainment,0,0.95,488,0.07,83.43,,,
717,1011,21-03-2023 00:00,42.91,931,transfer,0,61,rural,groceries,0,0.82,25,0.01,174.21,,,
718,1606,04-08-2023 00:00,126.78,590,transfer,0,24,urban,electronics,1,0.9,,0.12,400.87,,,
719,1301,05-12-2023 00:00,102.43,777,purchase,0,61,suburban,electronics,0,0.91,143,0.14,151.86,,,
720,1897,21-09-2023 00:00,147.84,600,transfer,0,85,,electronics,0,0.9,245,0.02,108.82,,,
721,1252,,200.99,654,,0,51,urban,electronics,0,0.95,419,0.13,242.02,,,
722,1498,22-03-2023 00:00,8.48,876,withdrawal,,83,rural,entertainment,0,0.88,433,,169.41,,,
723,1753,03-08-2023 00:00,119,848,withdrawal,0,86,,entertainment,1,0.99,43,0.15,473.9,,,
724,,17-07-2023 00:00,44.07,950,purchase,0,72,suburban,groceries,1,0.9,425,0.11,121.31,,,
725,1726,19-07-2023 00:00,139.44,863,withdrawal,0,,urban,groceries,1,0.91,293,0.03,373.37,,,
726,1848,25-01-2023 00:00,86.4,640,,0,,,clothing,0,0.97,185,0.11,316.34,,,
727,1089,30-03-2023 00:00,101.37,672,purchase,0,58,rural,entertainment,1,,42,0.08,161.87,,,
728,1775,25-09-2023 00:00,35.84,509,withdrawal,0,86,rural,electronics,,0.82,431,0.04,199.65,,,
,1604,23-05-2023 00:00,78.68,,transfer,0,27,rural,electronics,0,0.94,92,0.17,97.01,,,
730,1921,28-02-2023 00:00,,764,transfer,0,27,urban,clothing,1,0.9,317,0,146.16,,,
731,1969,,167.8,937,purchase,0,77,suburban,electronics,0,0.98,398,0.06,161.16,,,
732,1601,26-01-2023 00:00,60.27,747,withdrawal,0,68,urban,clothing,1,1,324,0,215.79,,,
733,1417,16-02-2023 00:00,724.7,746,transfer,0,38,rural,groceries,1,0.88,53,0.02,,,,
734,,15-10-2023 00:00,147.21,654,transfer,0,25,rural,entertainment,1,0.88,84,0.06,231.15,,,
735,1616,23-09-2023 00:00,57.03,533,withdrawal,0,82,,clothing,1,0.88,34,0.01,,,,
736,1902,16-01-2023 00:00,157.12,998,withdrawal,0,47,rural,electronics,0,0.86,76,0.12,239.81,,,
737,,18-07-2023 00:00,99.55,628,transfer,0,66,urban,clothing,,0.96,353,0.02,254.73,,,
738,1825,09-10-2023 00:00,115.16,659,transfer,0,,urban,groceries,1,0.95,408,0.14,177.41,,,
739,1500,27-03-2023 00:00,118.38,588,purchase,0,34,suburban,electronics,0,0.9,404,0.01,248.82,,,
740,1625,07-09-2023 00:00,69.19,,purchase,0,86,urban,groceries,1,0.81,197,0.01,191.28,,,
,1492,27-09-2023 00:00,119.49,,transfer,0,75,urban,,1,0.86,486,0.06,274.35,,,
742,1074,,61.38,740,purchase,0,74,urban,,1,0.86,286,0.18,231.61,,,
743,1412,27-04-2023 00:00,74.89,822,,0,79,urban,groceries,1,,88,,218.1,,,
,1375,07-01-2023 00:00,127.93,967,transfer,,69,,electronics,1,0.82,235,,,,,
745,1419,17-05-2023 00:00,,903,,0,78,urban,,1,,232,0.03,329.58,,,
746,1728,,96.25,616,purchase,,57,suburban,groceries,0,0.93,7,0.17,240.52,,,
747,1276,24-11-2023 00:00,,593,withdrawal,1,55,suburban,clothing,,0.95,,0,,,,
748,1760,,49.54,662,withdrawal,0,60,urban,groceries,1,0.89,38,0.04,152.8,,,
749,1675,03-08-2023 00:00,113.84,598,,,80,suburban,entertainment,0,0.94,464,0.12,,,,
750,1393,23-03-2023 00:00,136.61,612,,,36,urban,clothing,1,0.92,52,,199.89,,,
751,1868,11-08-2023 00:00,,858,purchase,,67,suburban,clothing,0,0.95,143,0.2,217.67,,,
752,1456,13-04-2023 00:00,58.01,590,transfer,0,50,suburban,electronics,0,0.89,430,0.01,105.58,,,
753,1919,30-09-2023 00:00,106.71,845,purchase,0,30,urban,electronics,0,0.89,407,0.2,193.2,,,
754,1191,14-01-2023 00:00,105.64,705,transfer,0,79,urban,electronics,1,0.93,396,0.12,168.59,,,
755,1738,08-06-2023 00:00,18.8,516,withdrawal,0,60,rural,electronics,0,0.82,221,0.11,308.47,,,
756,1688,01-06-2023 00:00,108.08,773,withdrawal,0,66,urban,entertainment,1,0.89,428,0.01,100.49,,,
757,1098,18-04-2023 00:00,70.08,672,withdrawal,,53,urban,clothing,1,0.99,240,0.05,198.26,,,
758,1547,07-07-2023 00:00,182.05,615,transfer,0,,rural,groceries,1,,143,0.18,131.46,,,
759,1977,28-10-2023 00:00,112.46,848,purchase,0,23,urban,electronics,0,0.86,349,0.07,386.3,,,
,,08-04-2023 00:00,,967,purchase,0,74,urban,electronics,,0.86,493,0.13,325.66,,,
761,1095,11-05-2023 00:00,122.37,680,withdrawal,0,18,rural,electronics,0,0.93,363,0.2,35.76,,,
762,,20-10-2023 00:00,39.3,590,withdrawal,0,88,urban,groceries,1,0.82,382,0.05,120.38,,,
763,1662,20-06-2023 00:00,197.19,581,withdrawal,0,75,urban,electronics,,0.93,,0.12,287.09,,,
764,1189,02-07-2023 00:00,18.85,823,,,38,rural,groceries,0,,277,0.14,245.73,,,
765,1735,30-12-2023 00:00,139.79,948,purchase,1,,rural,clothing,1,,271,0.03,242.59,,,
,1036,08-02-2023 00:00,130.93,613,transfer,0,37,suburban,,0,0.95,,,219.09,,,
767,1779,15-01-2023 00:00,76.15,756,transfer,0,71,urban,clothing,0,0.86,,0.09,295.12,,,
768,1368,04-01-2023 00:00,133.32,557,transfer,0,42,suburban,entertainment,0,1,492,0.08,278.1,,,
769,1694,15-12-2023 00:00,84.12,653,transfer,0,45,,groceries,0,0.81,464,0.14,170.94,,,
,,29-07-2023 00:00,66.23,864,withdrawal,0,22,rural,,,0.89,,0.01,80.07,,,
771,1278,,123.48,903,withdrawal,0,38,urban,electronics,,0.82,234,0.19,30.99,,,
,1216,16-01-2023 00:00,49.67,615,withdrawal,0,35,urban,electronics,0,0.87,63,0,189.64,,,
773,1866,18-04-2023 00:00,88.79,842,transfer,0,64,rural,electronics,0,1,196,0.12,16.01,,,
774,1872,07-11-2023 00:00,70.29,,withdrawal,0,87,suburban,entertainment,0,0.98,27,0.11,225.1,,,
775,,15-08-2023 00:00,83.2,814,withdrawal,0,74,rural,electronics,0,0.81,471,0.03,169.2,,,
776,1272,19-06-2023 00:00,121.64,702,,0,36,urban,entertainment,0,0.91,93,0.03,394.39,,,
,1880,,70.28,540,purchase,,,rural,groceries,,0.93,,0.16,234.31,,,
778,1061,08-09-2023 00:00,90.38,604,withdrawal,0,20,urban,clothing,1,0.84,309,0.18,197.08,,,
779,1595,04-09-2023 00:00,74.84,888,purchase,,,,electronics,1,0.83,52,,38.38,,,
,1879,26-09-2023 00:00,172.2,877,purchase,0,38,urban,clothing,1,0.98,,0.09,73.77,,,
781,1728,21-05-2023 00:00,117.13,692,withdrawal,0,57,suburban,,1,0.99,457,,268.14,,,
782,1341,01-10-2023 00:00,111,900,withdrawal,1,84,,groceries,0,1,181,0.01,168.69,,,
783,1396,06-04-2023 00:00,134.17,777,withdrawal,0,42,urban,electronics,1,0.96,57,0.13,453.54,,,
784,1698,15-08-2023 00:00,70.29,853,withdrawal,0,72,urban,groceries,1,0.93,120,0.17,191.69,,,
785,1018,08-02-2023 00:00,,736,transfer,0,69,suburban,clothing,1,0.87,,0.06,216.89,,,
786,1176,29-10-2023 00:00,117.31,924,transfer,0,61,rural,electronics,0,0.83,363,0.2,68.31,,,
787,1611,29-01-2023 00:00,21.96,,withdrawal,0,73,urban,entertainment,1,0.82,43,0.02,294.74,,,
788,1395,,28.6,567,purchase,0,72,suburban,electronics,1,0.94,135,0.13,107.43,,,
789,,02-09-2023 00:00,71.39,696,withdrawal,,87,suburban,clothing,0,0.96,373,0.09,252.44,,,
790,1232,,33.95,755,,0,83,rural,electronics,1,0.97,,0.09,281.18,,,
791,1914,04-07-2023 00:00,88.09,638,purchase,,36,,electronics,0,0.98,260,0.09,209.52,,,
792,1075,29-09-2023 00:00,49.31,811,transfer,0,24,suburban,,1,0.98,197,0.05,375.7,,,
793,1264,24-08-2023 00:00,95.11,934,withdrawal,0,,rural,electronics,0,1,133,0.14,138.93,,,
794,1454,27-08-2023 00:00,170.59,648,withdrawal,0,59,,electronics,1,0.85,459,0.14,367.55,,,
795,1795,23-09-2023 00:00,97.53,598,transfer,0,59,urban,clothing,1,0.95,255,0.06,72.91,,,
796,,25-12-2023 00:00,84.85,575,transfer,0,76,rural,groceries,1,0.92,489,0.17,279.9,,,
797,1734,06-12-2023 00:00,119.41,781,,0,,suburban,clothing,0,0.85,220,0.06,185.76,,,
798,1383,06-03-2023 00:00,65.18,870,transfer,0,34,rural,electronics,1,1,336,0.15,,,,
799,1563,,142.17,902,transfer,,,urban,entertainment,0,0.98,41,0.02,33.87,,,
800,1850,03-01-2023 00:00,124.76,608,transfer,0,64,rural,entertainment,0,0.83,478,0.03,173.93,,,
801,,22-05-2023 00:00,101.94,,,,19,urban,,0,0.81,,0.06,167.62,,,
802,1366,07-06-2023 00:00,107.72,698,transfer,0,80,suburban,entertainment,0,,255,0.12,217.29,,,
803,1143,20-11-2023 00:00,202.09,802,transfer,0,79,urban,electronics,1,0.92,2,0.13,272.48,,,
,,,147.12,826,purchase,0,36,suburban,electronics,1,0.99,494,0.08,,,,
805,1068,,209.98,653,,0,34,suburban,clothing,1,0.85,195,0.02,375.83,,,
806,1098,02-06-2023 00:00,,539,transfer,1,,urban,electronics,0,0.82,,,146.15,,,
807,1395,12-07-2023 00:00,26.42,632,purchase,0,56,suburban,groceries,1,0.85,149,0.14,260.22,,,
808,1024,14-03-2023 00:00,86.89,904,withdrawal,,88,rural,electronics,0,0.8,198,0.13,,,,
,,01-11-2023 00:00,14.99,961,purchase,0,56,suburban,,0,0.81,299,0.03,180.13,,,
810,1890,10-12-2023 00:00,126.42,631,transfer,0,53,urban,groceries,0,0.98,245,0,204.01,,,
811,1468,20-05-2023 00:00,137.27,778,transfer,0,57,rural,groceries,1,0.87,338,0.15,105.97,,,
,1483,06-07-2023 00:00,55.7,861,transfer,0,62,rural,entertainment,1,0.88,,0.02,161.24,,,
,1564,20-10-2023 00:00,67.22,583,purchase,0,21,,electronics,0,0.8,453,0.02,66.02,,,
814,1150,02-03-2023 00:00,107.44,898,transfer,0,42,suburban,clothing,1,0.85,393,0,145.07,,,
815,1143,17-07-2023 00:00,40.09,741,transfer,0,86,urban,entertainment,1,0.96,212,,153.33,,,
,1568,22-10-2023 00:00,36.34,615,purchase,0,47,,,0,0.92,156,0.1,284.52,,,
817,1038,15-11-2023 00:00,161.93,608,withdrawal,0,85,urban,electronics,0,0.95,26,0.13,166.81,,,
818,,29-10-2023 00:00,105.74,720,withdrawal,0,46,suburban,electronics,1,0.89,82,0.06,155.19,,,
819,1692,10-12-2023 00:00,72.09,891,transfer,0,85,,clothing,0,0.86,83,0.14,222,,,
820,1041,11-01-2023 00:00,15.39,,purchase,0,68,urban,entertainment,0,0.9,131,0.03,218.09,,,
821,,03-03-2023 00:00,142.62,867,,0,41,urban,clothing,1,,329,0.17,140.9,,,
,1934,29-11-2023 00:00,65.77,646,purchase,,31,,entertainment,1,,100,,239.42,,,
823,1397,14-08-2023 00:00,193.03,611,purchase,,86,urban,entertainment,0,,256,0.12,182.14,,,
824,1222,02-06-2023 00:00,142.97,602,withdrawal,0,,urban,entertainment,,0.93,479,0.04,140.73,,,
825,1633,18-07-2023 00:00,59.59,545,withdrawal,0,,rural,electronics,,,49,0.01,150.45,,,
826,1132,21-02-2023 00:00,64.23,911,purchase,0,74,urban,,0,,401,0.09,294.94,,,
827,1162,17-09-2023 00:00,186.09,993,transfer,0,29,rural,entertainment,1,0.98,63,0.12,153.46,,,
,1214,28-02-2023 00:00,95.79,974,withdrawal,0,34,urban,,0,,311,0.02,226.11,,,
829,1732,13-03-2023 00:00,74.33,823,transfer,0,47,suburban,groceries,0,0.91,407,0.19,71.76,,,
830,1234,28-05-2023 00:00,101.39,877,withdrawal,0,40,suburban,electronics,0,0.99,290,0.2,311.53,,,
831,1842,15-12-2023 00:00,74.1,,withdrawal,0,18,urban,groceries,,0.93,105,0.11,141.7,,,
832,1657,04-03-2023 00:00,112.05,982,transfer,1,49,,electronics,1,,105,0.19,240.03,,,
833,1750,06-11-2023 00:00,96.21,920,withdrawal,0,26,rural,clothing,1,0.86,325,0.04,174.84,,,
834,1587,31-08-2023 00:00,143.78,,withdrawal,0,32,,groceries,0,0.94,15,0.01,238.88,,,
835,1008,26-11-2023 00:00,80.57,694,transfer,0,,rural,clothing,0,0.95,175,0.01,244.34,,,
836,1073,17-04-2023 00:00,55.76,866,withdrawal,0,41,,entertainment,1,0.86,259,0.12,,,,
,1953,14-08-2023 00:00,,779,withdrawal,0,77,suburban,clothing,1,,211,,,,,
838,1491,09-11-2023 00:00,82.25,782,withdrawal,0,52,rural,clothing,1,1,412,0.19,309.1,,,
839,1912,06-08-2023 00:00,96.12,,,0,44,suburban,clothing,0,0.82,259,0.03,,,,
840,1252,29-08-2023 00:00,131.73,946,purchase,0,37,suburban,clothing,1,0.88,102,0.06,236.8,,,
,1229,16-09-2023 00:00,129,688,transfer,0,82,urban,electronics,0,0.81,260,0.16,269.17,,,
842,1518,19-09-2023 00:00,159.98,663,purchase,0,66,rural,groceries,1,0.96,344,0.04,154.28,,,
843,1173,,59.43,,,0,18,suburban,electronics,0,0.82,,,251.71,,,
844,1652,18-09-2023 00:00,119.44,976,purchase,0,27,urban,electronics,0,0.93,45,0.13,,,,
845,1167,23-02-2023 00:00,136.37,523,transfer,0,64,urban,,1,0.81,443,0.06,238.75,,,
846,1169,16-02-2023 00:00,66.29,523,transfer,0,,urban,clothing,0,0.93,301,0.04,201.97,,,
847,1392,03-08-2023 00:00,89.62,,withdrawal,0,79,suburban,electronics,1,,251,0.05,157.75,,,
848,1945,26-06-2023 00:00,12.5,503,purchase,0,35,urban,groceries,0,0.88,331,0.1,204.7,,,
849,1794,,,822,withdrawal,0,63,rural,electronics,0,0.9,165,0.19,94.48,,,
850,1633,09-04-2023 00:00,89.23,789,withdrawal,0,49,rural,entertainment,1,0.88,193,0.17,,,,
851,1193,20-01-2023 00:00,140.33,,transfer,0,44,suburban,clothing,0,0.86,,0.06,241.28,,,
852,1516,29-08-2023 00:00,110.3,932,purchase,0,35,rural,entertainment,1,0.96,401,0.07,,,,
853,1028,02-03-2023 00:00,90.74,970,purchase,0,56,urban,groceries,1,0.85,374,0.09,,,,
854,1164,27-06-2023 00:00,20.36,680,purchase,0,66,suburban,groceries,1,0.94,65,0.2,190.5,,,
855,1421,04-12-2023 00:00,29.25,747,purchase,0,61,urban,groceries,0,0.84,387,0.03,197.39,,,
856,,03-03-2023 00:00,-29.66,,withdrawal,0,89,suburban,groceries,0,0.85,495,0.07,82.97,,,
857,1647,,71.87,778,withdrawal,0,71,suburban,electronics,0,0.87,282,0.15,357.25,,,
,1495,04-08-2023 00:00,213.91,864,transfer,0,51,urban,,1,0.92,181,0.19,50.19,,,
859,1364,03-01-2023 00:00,35.6,568,withdrawal,0,88,rural,groceries,1,0.89,415,0.03,222.86,,,
860,1832,09-06-2023 00:00,-31.57,850,withdrawal,,53,rural,entertainment,0,0.95,282,0.05,138.52,,,
861,1341,,148.13,753,,0,35,suburban,groceries,0,0.84,279,0.05,206.23,,,
862,1499,26-09-2023 00:00,218.19,680,transfer,0,55,urban,clothing,1,0.8,30,0,69.19,,,
863,1656,,114.9,817,transfer,0,76,urban,entertainment,0,0.96,,0.12,289.17,,,
864,1510,,114.44,668,withdrawal,0,26,suburban,entertainment,1,0.96,328,0.13,104.48,,,
865,1326,25-11-2023 00:00,,812,withdrawal,0,89,rural,entertainment,0,0.81,492,0.12,316.63,,,
866,1216,09-03-2023 00:00,10.29,748,,0,68,,electronics,1,0.92,,0.01,107.24,,,
867,1300,23-12-2023 00:00,27.46,687,transfer,0,52,rural,groceries,0,0.88,320,0.01,,,,
868,1131,08-04-2023 00:00,84.16,553,transfer,,22,rural,electronics,0,0.96,406,,116.9,,,
869,1803,24-09-2023 00:00,74.58,825,withdrawal,0,31,suburban,entertainment,1,0.97,,0.06,,,,
870,,15-04-2023 00:00,,856,withdrawal,,47,suburban,electronics,1,0.97,379,0.16,199.82,,,
871,1251,19-11-2023 00:00,141.47,812,purchase,0,21,rural,electronics,1,0.96,105,,115.21,,,
872,1414,03-05-2023 00:00,70.91,637,withdrawal,0,56,urban,electronics,0,0.85,184,0.01,112.26,,,
873,1786,29-01-2023 00:00,142.49,667,,0,81,urban,groceries,1,0.96,330,0.08,116.37,,,
874,,,71.24,890,withdrawal,0,42,suburban,entertainment,1,0.91,148,0.08,231.89,,,
875,1875,,151.91,602,transfer,0,45,rural,entertainment,,0.81,105,0.09,199.96,,,
876,1181,14-08-2023 00:00,104.32,921,withdrawal,0,83,urban,groceries,1,0.89,47,0.17,205.26,,,
877,1166,28-11-2023 00:00,78.21,584,transfer,0,39,urban,electronics,1,0.99,87,0.02,167.54,,,
878,1090,,103.46,816,,,48,suburban,electronics,1,,309,0.14,254.87,,,
,1713,09-01-2023 00:00,85.32,711,purchase,,40,rural,clothing,0,0.82,,0.07,,,,
880,1857,09-02-2023 00:00,105.66,502,transfer,0,65,urban,clothing,0,0.95,129,0.06,257.56,,,
881,1530,25-01-2023 00:00,137.91,883,transfer,0,37,,clothing,0,0.96,258,,179.1,,,
,1038,18-09-2023 00:00,95.64,678,transfer,0,55,urban,groceries,1,0.85,,0.05,77.92,,,
883,1125,14-08-2023 00:00,81.52,841,,0,72,urban,entertainment,0,,147,0.13,2.29,,,
884,1450,04-05-2023 00:00,43.82,802,purchase,0,85,urban,clothing,,0.94,446,0.06,193.51,,,
,1172,,128.96,951,transfer,0,18,suburban,entertainment,1,0.89,462,0.1,0.68,,,
886,1652,24-11-2023 00:00,117.41,975,withdrawal,0,24,rural,entertainment,1,0.82,72,0.16,180.07,,,
,1753,08-09-2023 00:00,,831,purchase,0,74,suburban,entertainment,0,0.94,486,0.18,,,,
888,1219,25-06-2023 00:00,141.77,537,withdrawal,0,29,rural,groceries,0,0.98,,0.17,84.65,,,
889,1637,31-03-2023 00:00,40.09,998,purchase,0,22,,groceries,1,0.93,410,0.12,71.39,,,
890,1057,06-02-2023 00:00,151.46,919,withdrawal,0,67,rural,groceries,1,0.95,27,0.05,,,,
891,1659,12-11-2023 00:00,134.39,738,purchase,0,59,urban,groceries,0,0.87,29,0.13,-80.57,,,
892,1475,25-06-2023 00:00,120.98,668,purchase,0,29,urban,,0,0.84,271,,238.18,,,
893,1455,11-10-2023 00:00,81.15,952,withdrawal,0,35,suburban,electronics,0,,174,,346.85,,,
,,22-03-2023 00:00,,,transfer,0,,urban,electronics,1,0.87,253,0.09,,,,
895,,,153.82,842,purchase,0,34,suburban,electronics,0,,385,,95.58,,,
,1360,09-02-2023 00:00,129.62,813,transfer,0,85,rural,clothing,0,0.82,60,0.1,259,,,
897,1934,28-10-2023 00:00,66.49,805,withdrawal,0,88,rural,electronics,0,0.89,107,0.06,82.93,,,
898,1000,12-08-2023 00:00,,529,transfer,0,79,urban,clothing,1,0.88,220,0.17,281.08,,,
899,1386,,156.6,689,transfer,0,58,suburban,clothing,0,0.99,441,0.03,91.07,,,
,1972,15-12-2023 00:00,209.95,856,transfer,0,,urban,clothing,1,,259,0.04,376.84,,,
901,1347,25-04-2023 00:00,89.74,524,transfer,0,87,suburban,electronics,1,0.8,371,0.14,266.23,,,
902,1189,05-07-2023 00:00,142.89,611,transfer,0,62,suburban,entertainment,1,0.85,146,0.07,203.8,,,
903,1504,19-11-2023 00:00,156.72,910,,0,75,suburban,electronics,0,0.96,52,0.14,371.08,,,
904,1190,25-02-2023 00:00,59.38,934,purchase,0,68,rural,electronics,0,0.84,,,,,,
905,1507,09-02-2023 00:00,189.1,705,purchase,0,,suburban,,0,0.85,34,,236.86,,,
906,,20-12-2023 00:00,46.74,684,withdrawal,0,61,rural,clothing,1,0.83,96,0.03,13.68,,,
907,1408,09-02-2023 00:00,140.45,881,transfer,0,32,suburban,entertainment,0,0.94,477,0.19,129.85,,,
908,1823,13-12-2023 00:00,115.27,995,purchase,0,,rural,groceries,,0.81,89,0.08,308.54,,,
909,1928,25-08-2023 00:00,102.78,878,withdrawal,0,,rural,entertainment,0,0.87,316,0.07,69.99,,,
910,,16-10-2023 00:00,227.34,546,purchase,0,49,rural,entertainment,0,0.86,410,0,123.43,,,
911,1116,19-09-2023 00:00,84.94,873,purchase,0,84,urban,clothing,0,0.91,,0.03,,,,
912,,04-08-2023 00:00,84.13,727,transfer,0,20,suburban,,0,0.95,456,0.08,240.24,,,
913,1057,27-05-2023 00:00,166.57,538,withdrawal,0,68,urban,clothing,1,0.91,275,0.01,296.36,,,
914,1555,02-12-2023 00:00,138.09,515,transfer,0,84,suburban,clothing,,0.99,246,0.1,,,,
915,1684,17-06-2023 00:00,164.1,521,,0,65,suburban,groceries,1,,111,0.09,,,,
916,1671,02-04-2023 00:00,,712,purchase,0,34,urban,clothing,1,0.87,234,0.15,238.87,,,
917,1172,19-12-2023 00:00,115.85,809,transfer,0,24,rural,electronics,0,0.96,278,0.13,110.01,,,
918,1828,28-02-2023 00:00,195.05,648,withdrawal,0,30,suburban,entertainment,1,0.95,477,0.09,178.95,,,
919,1814,28-02-2023 00:00,58.2,955,transfer,0,83,rural,clothing,1,,417,0.04,252.02,,,
920,1148,31-10-2023 00:00,94.86,740,transfer,1,21,urban,entertainment,1,0.89,166,0.15,306.14,,,
921,,,139.91,,transfer,0,27,rural,clothing,0,0.91,128,0.14,-14.94,,,
922,1885,26-09-2023 00:00,,,purchase,,34,suburban,entertainment,1,0.88,237,0.03,209.86,,,
923,1212,29-12-2023 00:00,71.49,786,,0,69,suburban,clothing,1,0.97,494,0.18,,,,
924,1202,14-02-2023 00:00,130.92,,purchase,0,,suburban,groceries,0,0.85,291,,223.22,,,
925,1763,11-12-2023 00:00,166.79,701,purchase,0,86,urban,,0,0.85,107,0.01,208.26,,,
926,1228,,92.96,531,purchase,0,26,suburban,,1,0.87,128,0.04,,,,
927,1675,,91.57,942,purchase,0,38,urban,clothing,1,0.85,195,,338.08,,,
928,1226,22-12-2023 00:00,67.62,661,purchase,,41,rural,groceries,0,0.91,339,0.1,148.32,,,
929,1658,10-07-2023 00:00,,754,withdrawal,,21,suburban,groceries,1,0.83,394,0.16,189.99,,,
930,1531,04-06-2023 00:00,154.18,753,transfer,0,41,suburban,groceries,0,0.86,475,0.05,152.98,,,
931,1440,07-07-2023 00:00,,508,purchase,0,76,suburban,entertainment,1,,143,0.1,210.82,,,
932,1401,07-01-2023 00:00,59.75,964,purchase,0,,rural,,1,0.88,395,0.07,342.57,,,
933,1046,13-05-2023 00:00,113.12,638,withdrawal,0,85,suburban,,1,0.95,111,0.17,109.39,,,
,1232,23-08-2023 00:00,152.56,979,withdrawal,0,57,urban,electronics,,0.82,90,0,211.26,,,
935,1304,14-02-2023 00:00,71.91,,,0,65,rural,,1,0.85,251,0.05,239.11,,,
936,,10-11-2023 00:00,33.57,,withdrawal,0,71,,,0,0.96,280,0.03,,,,
937,1142,,209.54,772,transfer,0,52,rural,electronics,0,,333,0.17,194.1,,,
938,,31-01-2023 00:00,31.07,823,purchase,0,73,rural,clothing,,0.88,224,0.09,385.13,,,
,1512,23-01-2023 00:00,82.05,547,purchase,1,57,rural,entertainment,1,0.99,101,0.08,23.15,,,
940,1372,09-06-2023 00:00,111.61,935,transfer,0,85,urban,entertainment,1,0.98,132,0.09,157.88,,,
941,1565,,86.38,610,withdrawal,0,63,rural,electronics,0,0.99,13,0.19,225.06,,,
942,,07-06-2023 00:00,96.25,652,transfer,0,30,suburban,entertainment,,0.89,457,0.17,162.41,,,
943,,08-02-2023 00:00,128.84,622,withdrawal,0,44,rural,groceries,0,0.84,441,0.14,,,,
944,1655,23-03-2023 00:00,-19.59,904,purchase,0,23,rural,,0,0.93,497,,254.87,,,
,1470,22-12-2023 00:00,36.66,856,withdrawal,0,34,rural,electronics,0,0.94,98,0.03,95.56,,,
946,1952,15-09-2023 00:00,,601,transfer,,53,rural,electronics,0,0.83,120,0.18,-33.68,,,
947,1970,25-07-2023 00:00,79.79,740,transfer,0,19,rural,clothing,0,0.96,293,0.08,234.03,,,
948,1011,,106.47,820,purchase,0,69,urban,entertainment,0,0.8,304,0.06,,,,
949,1329,12-01-2023 00:00,111.38,690,withdrawal,,83,urban,clothing,,0.9,199,0.09,328.89,,,
950,1735,,-5.8,716,withdrawal,0,69,rural,,0,0.87,,0.18,172.51,,,
951,1783,12-08-2023 00:00,163.68,550,,0,60,urban,groceries,0,0.95,60,0.08,143.16,,,
952,1967,13-01-2023 00:00,75.09,791,purchase,0,39,suburban,groceries,0,0.86,250,0.11,,,,
,1357,,56.72,580,withdrawal,0,72,rural,groceries,0,0.97,140,0.16,298.65,,,
954,1971,04-06-2023 00:00,110.42,988,,0,84,suburban,groceries,1,,149,0.09,241.56,,,
955,1407,23-04-2023 00:00,105.36,882,withdrawal,0,77,suburban,clothing,0,0.96,395,0.05,375.6,,,
956,1667,21-08-2023 00:00,159.83,587,purchase,0,75,rural,groceries,1,1,44,0.2,178.49,,,
957,1372,17-01-2023 00:00,113.59,,withdrawal,0,29,suburban,entertainment,1,0.94,371,0.19,286.23,,,
958,1007,26-12-2023 00:00,157.91,603,withdrawal,0,86,suburban,groceries,1,1,186,0.17,287.94,,,
959,1121,11-08-2023 00:00,53.09,770,transfer,0,,suburban,groceries,0,0.81,108,0.14,267.38,,,
960,,20-12-2023 00:00,107.09,595,withdrawal,0,30,rural,groceries,0,0.87,44,0.06,149.01,,,
,1675,07-07-2023 00:00,44.26,922,transfer,0,58,rural,electronics,,0.82,78,0.18,247.34,,,
,1089,10-12-2023 00:00,104.88,878,transfer,0,74,suburban,entertainment,1,0.85,226,0.06,190.28,,,
963,1647,,94.29,697,,0,70,rural,entertainment,1,0.97,162,0.16,187.65,,,
964,1697,12-06-2023 00:00,92.14,500,transfer,0,29,rural,clothing,,0.81,281,,119.42,,,
965,1315,22-11-2023 00:00,92.57,994,transfer,,,suburban,clothing,1,0.9,253,0.12,-12.03,,,
966,1177,15-03-2023 00:00,136.82,906,purchase,0,74,rural,groceries,0,0.91,132,0.16,324.84,,,
967,1539,21-08-2023 00:00,19.63,877,transfer,0,57,urban,electronics,0,0.91,448,0.16,243.16,,,
968,,12-08-2023 00:00,55.01,666,purchase,0,62,rural,clothing,0,,372,0.04,65.68,,,
,1868,15-11-2023 00:00,97.97,625,,1,,urban,clothing,1,0.96,375,0.13,271.77,,,
970,1040,01-03-2023 00:00,41.07,812,purchase,0,20,,groceries,1,0.83,474,,326.81,,,
971,1739,01-12-2023 00:00,102.31,580,transfer,0,22,rural,groceries,0,0.86,144,,277.77,,,
972,1703,10-08-2023 00:00,97.46,,purchase,0,28,suburban,clothing,0,0.92,266,0.03,110.84,,,
973,1922,06-02-2023 00:00,29.81,750,transfer,0,88,suburban,clothing,1,0.94,109,0.08,126.8,,,
,1501,05-10-2023 00:00,27.34,668,,0,73,suburban,entertainment,0,0.88,194,0.17,145.21,,,
,,15-07-2023 00:00,-31.19,976,purchase,0,27,suburban,electronics,0,0.98,35,0.2,286.11,,,
976,1144,18-12-2023 00:00,38.97,572,withdrawal,0,51,suburban,entertainment,1,0.88,,0.06,247.9,,,
977,1200,30-08-2023 00:00,100.72,640,transfer,0,84,rural,clothing,1,0.88,390,0.11,479.03,,,
978,1928,20-11-2023 00:00,107.81,569,,0,89,urban,entertainment,1,0.81,275,0.1,35.91,,,
,1723,07-08-2023 00:00,110.09,761,withdrawal,0,48,rural,entertainment,0,0.91,187,0.19,194.74,,,
980,,11-07-2023 00:00,61.1,839,,0,88,rural,clothing,1,0.94,437,0.1,7.22,,,
981,1731,17-01-2023 00:00,,807,purchase,0,,rural,groceries,0,0.82,243,0.14,259.66,,,
982,1751,12-01-2023 00:00,119.86,744,transfer,0,87,rural,clothing,,0.86,,0.18,306.69,,,
983,1924,12-07-2023 00:00,36.6,502,withdrawal,0,58,urban,groceries,1,0.96,462,,344.21,,,
984,1908,22-01-2023 00:00,106.17,836,withdrawal,0,80,rural,,0,0.87,10,0.18,218.85,,,
,1557,30-04-2023 00:00,132.82,562,purchase,0,49,suburban,clothing,1,0.85,451,0.18,8.67,,,
986,1546,,75.46,548,purchase,0,37,rural,clothing,1,,166,0.19,194.99,,,
,1252,02-11-2023 00:00,153.11,575,purchase,0,74,rural,electronics,0,0.84,29,0.05,243.68,,,
988,1389,27-09-2023 00:00,76.63,,withdrawal,0,67,,groceries,,0.98,271,0.08,,,,
989,1593,11-07-2023 00:00,57,674,purchase,0,42,urban,electronics,1,0.82,87,0.17,173.5,,,
990,1882,24-06-2023 00:00,127.84,608,,,29,suburban,clothing,1,0.94,23,0.07,72.3,,,
991,1255,12-10-2023 00:00,201.66,682,,0,88,rural,entertainment,1,0.9,210,0.12,138.73,,,
992,1708,23-07-2023 00:00,,691,purchase,0,56,rural,electronics,1,0.97,46,0.02,,,,
993,1814,13-06-2023 00:00,131.75,564,purchase,0,34,rural,,,0.83,467,0.01,268.02,,,
994,1920,08-09-2023 00:00,74.56,836,withdrawal,0,62,suburban,clothing,1,0.94,28,0.08,60.48,,,
995,1449,15-08-2023 00:00,37.92,950,withdrawal,0,28,,electronics,0,0.91,26,0.12,,,,
996,1009,07-01-2023 00:00,108.31,973,transfer,1,,suburban,entertainment,0,0.9,266,0.08,205.71,,,
997,,29-01-2023 00:00,116.22,770,purchase,0,40,rural,electronics,0,0.9,175,0.12,222.65,,,
998,1797,02-02-2023 00:00,82.1,599,transfer,0,87,urban,groceries,,0.94,4,0.1,133.71,,,
999,1241,14-05-2023 00:00,131.55,531,,0,55,urban,electronics,1,0.99,311,0.14,247.65,,,
1000,1250,,67.3,851,transfer,,19,suburban,entertainment,,0.82,322,0.13,196.47,,,
